Channel_Name,Channel_Type,Rx_Frequency,Tx_Frequency,Bandwidth_kHz,State,RX_Tone,TX_Tone,Latitude,Longitude,Special
WC8OH Dayton,Analogue,145.11,144.51,25,OH,67,67,39.71030045,-84.24410248,
WC8OH Columbus,Analogue,145.11,144.51,25,OH,,67,39.96120071,-82.99880219,
N8ZPS Kent,Analogue,145.11,144.51,25,OH,110.9,110.9,41.15739822,-81.36720276,
W8BRQ Mason,Analogue,145.13,144.53,25,OH,,123,39.36009979,-84.30989838,
N8SIW Polk,Analogue,145.13,144.53,25,OH,110.9,110.9,40.94449997,-82.2154007,
K8MRG Bellefonta,Analogue,145.13,144.53,25,OH,,,40.341321,-83.75968,
W8UKE Athens,Analogue,145.15,144.55,25,OH,,,39.355298,-82.09073049,
KB8EOC Bascom,Analogue,145.15,144.55,25,OH,107.2,107.2,41.13270187,-83.28209686,SKYWARN
W8UPD Akron,Analogue,145.17,144.57,25,OH,,123,41.0760994,-81.5114975,
W8SMK Delaware,Analogue,145.17,144.57,25,OH,,74.4,40.29869843,-83.06800079,
WD8LSN Peebles,Analogue,145.17,144.57,12.5,OH,77,77,38.934359,-83.451043,
K8MD Medina,Analogue,145.19,144.59,25,OH,110.9,110.9,41.146,-81.875,
N8DCA Delaware,Analogue,145.19,144.59,25,OH,,123,40.29869843,-83.06800079,
W8ESS Cincinnati,Analogue,145.19,144.59,25,OH,123,123,39.20001804,-84.52273234,
W8GBH Saint Clai,Analogue,145.21,144.61,25,OH,103.5,103.5,40.0780983,-80.89900208,
W8CCI Oxford,Analogue,145.21,144.61,25,OH,,118.8,39.50699997,-84.74520111,
N1TVI Mentor,Analogue,145.21,144.61,25,OH,110.9,110.9,41.70039703,-81.27074507,SKYWARN
KB8WQ Lithopolis,Analogue,145.21,144.61,25,OH,100,100,39.80279922,-82.8062973,
W8FW Troy,Analogue,145.23,144.63,25,OH,100,100,40.065766,-84.241389,SKYWARN
W8HF Elyria,Analogue,145.23,144.63,25,OH,110.9,110.9,41.36840057,-82.10769653,
WB8MMR Columbus,Analogue,145.23,144.63,25,OH,,,39.96120071,-82.99880219,
KE8BDF Coshocton,Analogue,145.23,144.63,25,OH,,71.9,40.27199936,-81.85959625,
K8KSW Hudson,Analogue,145.25,144.65,25,OH,,,41.24010086,-81.44069672,
KB8CWC Blanchest,Analogue,145.25,144.65,25,OH,,162.2,39.29309845,-83.98880005,
KB8SCR Coldwater,Analogue,145.25,144.65,25,OH,,107.2,40.47980118,-84.62830353,
W8NCK Fremont,Analogue,145.25,144.65,25,OH,186.2,186.2,41.35029984,-83.12190247,
W8WRC McDonald,Analogue,145.27,144.67,25,OH,110.9,110.9,41.131709,-80.728576,
KA8IWB Delaware,Analogue,145.29,144.69,25,OH,,123,40.29869843,-83.06800079,
N8NC Brunswick,Analogue,145.29,144.69,25,OH,,110.9,41.23809814,-81.84179688,
WB8ZVL Franklin,Analogue,145.29,144.69,25,OH,,118.8,39.55889893,-84.30410004,
W8BTO Parma,Analogue,145.31,144.71,25,OH,110.9,110.9,41.3837,-81.7338,
N8SIM Cincinnati,Analogue,145.31,144.71,25,OH,123,123,39.037,-84.263,
W8OG Springfield,Analogue,145.31,144.71,25,OH,82.5,82.5,39.92419815,-83.80879974,SKYWARN
N8XUA Ashtabula,Analogue,145.33,144.73,25,OH,103.5,103.5,41.880868,-80.794742,
W8NDB Mansfield,Analogue,145.33,144.73,25,OH,71.9,71.9,40.75839996,-82.51540375,
W8DYY Miamisburg,Analogue,145.33,144.73,25,OH,,,39.64279938,-84.28659821,SKYWARN
KC8CGR Clyde,Analogue,145.35,144.75,25,OH,110.9,110.9,41.30419922,-82.97519684,
N8IG Marysville,Analogue,145.35,144.75,25,OH,127.3,127.3,40.23649979,-83.36710358,
W8LKY Alliance,Analogue,145.37,144.77,25,OH,110.9,110.9,40.898323,-81.210349,
K8YOJ Cincinnati,Analogue,145.37,144.77,25,OH,123,123,39.27347253,-84.52703199,
KB8ZHP Ravenna,Analogue,145.39,144.79,25,OH,,,41.1576004,-81.24210358,
N8QA South Webst,Analogue,145.39,144.79,25,OH,,136.5,38.80569839,-82.72869873,
WC8VOA West Ches,Analogue,145.39,144.79,25,OH,,,39.3557,-84.35649,
KB8WLW Parma,Analogue,145.41,144.81,25,OH,,110.9,41.40480042,-81.72290039,
K8FBN Fairborn,Analogue,145.41,144.81,25,OH,118.8,118.8,39.82089996,-84.01940155,
N8RLD Archbold,Analogue,145.41,144.81,25,OH,107.2,107.2,41.48749924,-84.3030014,
WB8ART Centervil,Analogue,145.43,144.83,25,OH,88.5,88.5,39.6283989,-84.15940094,
N8PVC Columbus,Analogue,145.43,144.83,25,OH,123,123,39.96026471,-82.99772319,
W8ID Tiffin,Analogue,145.45,144.85,25,OH,107.2,107.2,41.11410141,-83.18099976,
WD8BIW Uniontown,Analogue,145.45,144.85,25,OH,,110.9,40.97510147,-81.40820313,
W8KKC Sciotovill,Analogue,145.45,144.85,25,OH,,114.8,38.75230026,-82.9367981,
K8YR Eaton,Analogue,145.47,144.87,25,OH,,100,39.7439003,-84.63659668,
W8CYE Springboro,Analogue,145.49,144.89,25,OH,77,123,39.568383,-84.164117,
KD8DRG Wadsworth,Analogue,145.49,144.89,25,OH,110.9,110.9,41.02560043,-81.72989655,
N8SCA Fremont,Analogue,145.49,144.89,25,OH,,107.2,41.35029984,-83.12190247,SKYWARN
K8ALB Toledo,Analogue,146.61,146.01,25,OH,103.5,103.5,41.66389847,-83.55519867,
W8SOE Willow Woo,Analogue,146.61,146.01,25,OH,,103.5,38.56110001,-82.46820068,
W8ZZV Philo,Analogue,146.61,146.01,25,OH,74.4,74.4,39.86119843,-81.90679932,
W8BLV Middletown,Analogue,146.61,146.01,25,OH,77,77,39.5163002,-84.3513031,
W8VMV Kenton,Analogue,146.625,146.025,25,OH,,85.4,40.64699936,-83.60959625,
WD8OCS Amherst,Analogue,146.625,146.025,25,OH,110.9,110.9,41.39780045,-82.22239685,SKYWARN
WB8DJP Akron,Analogue,146.64,146.04,25,OH,,110.9,41.08140182,-81.51899719,SKYWARN
K8MCA Dayton,Analogue,146.64,146.04,25,OH,,123,39.75889969,-84.19159698,SKYWARN
WB8WJT Barnesvil,Analogue,146.64,146.04,25,OH,100,100,39.98809814,-81.17649841,
WB8FPN Cadiz,Analogue,146.655,146.055,25,OH,,114.8,40.27280045,-80.99680328,
W8LBZ Sandusky,Analogue,146.655,146.055,25,OH,110.9,110.9,41.44889832,-82.70800018,
KF8YF Orwell,Analogue,146.655,146.055,25,OH,,,41.53509903,-80.86810303,
W8MLP Zaleski,Analogue,146.655,146.055,25,OH,88.5,88.5,39.28525,-82.40805556,
W8ZPF Columbus,Analogue,146.67,146.07,25,OH,131.8,131.8,40.0142,-82.9886,
KD8QGQ Millersbu,Analogue,146.67,146.07,25,OH,71.9,71.9,40.55450058,-81.91790009,
K8SCH Cincinnati,Analogue,146.67,146.07,25,OH,123,123,39.124526,-84.521518,
WB8ULC Lima,Analogue,146.67,146.07,25,OH,118.8,,40.76842073,-84.15925787,SKYWARN
K8HO Greenfield,Analogue,146.685,146.085,25,OH,,118.8,39.35200119,-83.38269806,
KC8EPF New Riege,Analogue,146.685,146.085,25,OH,,,41.071656,-83.338005,
K8BLP East Liver,Analogue,146.7,146.1,25,OH,,162.2,40.61869812,-80.57730103,
W8WRK Fairfield,Analogue,146.7,146.1,25,OH,,123,39.29980087,-84.57350159,
K8QIK Lancaster,Analogue,146.7,146.1,25,OH,,94.8,39.71369934,-82.59929657,
K8KRG Elyria,Analogue,146.7,146.1,25,OH,110.9,110.9,41.36840057,-82.10769653,
W8FY Van Wert,Analogue,146.7,146.1,25,OH,,107.2,40.86949921,-84.58409882,
KD8SQ Orrville,Analogue,146.715,146.115,25,OH,,,40.84370041,-81.76399994,
W8MCB Ottawa,Analogue,146.715,146.115,25,OH,107.2,107.2,41.01919937,-84.04720306,
W8SOE South Poin,Analogue,146.715,146.115,25,OH,,103.5,38.423416,-82.536583,
K8CY Jefferson,Analogue,146.715,146.115,25,OH,,141.3,41.73870087,-80.76979828,
N8COZ Middletown,Analogue,146.715,146.115,25,OH,,,39.51509857,-84.39830017,
W8ZX Stone Creek,Analogue,146.73,146.13,25,OH,,71.9,40.38460159,-81.51869965,SKYWARN
N1DJS Georgetown,Analogue,146.73,146.13,25,OH,162.2,162.2,38.8645138,-83.9040944,
W8OG Springfield,Analogue,146.73,146.13,25,OH,77,77,39.92419815,-83.80879974,SKYWARN
K8ATG Gallipolis,Analogue,146.73,146.13,25,OH,91.5,91.5,38.84540176,-82.1792984,
W8QLY Youngstown,Analogue,146.745,146.145,25,OH,110.9,110.9,41.09980011,-80.64949799,
W8AOH Lima,Analogue,146.745,147.345,25,OH,,100,40.663815,-84.085887,SKYWARN
W3YXS Loudonvill,Analogue,146.745,146.145,25,OH,,71.9,40.63219833,-82.24710083,SKYWARN
WR8ABC Highland,Analogue,146.76,146.16,25,OH,110.9,110.9,41.44839859,-81.51899719,SKYWARN
W8AIC Columbus,Analogue,146.76,146.16,25,OH,123,123,39.96120071,-82.99880219,SKYWARN
W8GMM East Pales,Analogue,146.775,146.175,25,OH,,162.2,40.8678288,-80.5654703,
KD3WCO Dayton,Analogue,146.775,146.175,25,OH,,77,39.72133059,-84.249972,
W8NL Mount Gilea,Analogue,146.775,146.175,25,OH,,107.2,40.54919815,-82.82740021,
W8AL Canton,Analogue,146.79,146.19,25,OH,141.3,141.3,40.83409882,-81.38490295,
WB8LDB Jackson,Analogue,146.79,146.19,25,OH,74.4,74.4,39.0444,-82.4223,
W8FLH Greenville,Analogue,146.79,146.19,25,OH,94.8,94.8,40.068023,-84.627509,SKYWARN
KD8BTI Bowling G,Analogue,146.79,146.19,25,OH,,103.5,41.37480164,-83.65129852,
N8APU South Eucl,Analogue,146.79,146.19,25,OH,88.5,88.5,41.52310181,-81.51850128,
K8EEN Mount Vern,Analogue,146.79,146.19,25,OH,71.9,71.9,40.410181,-82.474872,SKYWARN
K8GQB Lisbon,Analogue,146.805,146.205,25,OH,162.2,162.2,40.75,-80.77300262,SKYWARN
WB8LLY Berlin Ht,Analogue,146.805,146.205,25,OH,110.9,110.9,41.32529831,-82.49320221,
W8GZ Saint Marys,Analogue,146.805,146.205,25,OH,,107.2,40.5442009,-84.38999939,
K8ZFR Parma,Analogue,146.82,146.22,25,OH,110.9,110.9,41.40480042,-81.72290039,
WA8PLZ Dayton,Analogue,146.82,146.22,25,OH,77,77,39.75889969,-84.19159698,
KA8OFE Bryan,Analogue,146.82,146.22,25,OH,107.2,107.2,41.47480011,-84.55249786,SKYWARN
KB8ZMI Thornvill,Analogue,146.835,146.235,25,OH,91.5,91.5,39.960281,-82.377519,
K8ZUK Maplewood,Analogue,146.835,146.235,25,OH,156.7,156.7,40.39820099,-84.07250214,SKYWARN
N8DOD Warren,Analogue,146.835,146.235,25,OH,,131.8,41.23759842,-80.81839752,
W8HHF Toledo,Analogue,146.835,146.235,25,OH,,103.5,41.66389847,-83.55519867,SKYWARN
K8YOJ Cincinnati,Analogue,146.85,146.25,25,OH,123,123,39.07362369,-84.33514652,
W8VP Cambridge,Analogue,146.85,146.25,25,OH,,91.5,40.03120041,-81.58850098,
W8LYD Newbury,Analogue,146.85,146.25,25,OH,,110.9,41.46369934,-81.29360199,
W8BAE Galion,Analogue,146.85,146.25,25,OH,,71.9,40.7336998,-82.78990173,
W8BAP Chillicoth,Analogue,146.85,146.25,25,OH,74.4,74.4,39.21979904,-82.97489929,
W8FY Middle Poin,Analogue,146.85,146.25,25,OH,,,40.85559845,-84.44719696,SKYWARN
AC8AP Willard,Analogue,146.865,146.265,25,OH,110.9,110.9,41.13990021,-82.67060089,
KB8MFV Salem,Analogue,146.865,146.265,25,OH,,110.9,40.90090179,-80.85679626,
KC8LOE Pomeroy,Analogue,146.865,146.265,25,OH,88.5,88.5,39.03580093,-82.04709625,
WC8EMA Lebanon,Analogue,146.865,146.265,25,OH,118.8,118.8,39.43529892,-84.20300293,SKYWARN
WB8CRS Cincinnat,Analogue,146.88,146.28,25,OH,123,123,39.1460877,-84.5125085,SKYWARN
W8HH Marietta,Analogue,146.88,146.28,25,OH,91.5,91.5,39.41540146,-81.45480347,
N8ARA Newark,Analogue,146.88,146.28,25,OH,141.3,141.3,40.089607,-82.407156,SKYWARN
WR8ABC Lakewood,Analogue,146.88,146.28,25,OH,110.9,110.9,41.49950027,-81.69539642,SKYWARN
W8DRH Marion,Analogue,146.895,146.295,25,OH,,250.3,40.58869934,-83.12850189,
K8IV Kent,Analogue,146.895,146.295,25,OH,,118.8,41.14910126,-81.34369659,
KD8XL Oak Hill,Analogue,146.895,146.295,25,OH,,74.4,39.18489838,-82.69550323,
W8GCA Bellbrook,Analogue,146.91,146.31,25,OH,,,39.65999985,-84.05999756,
W8IZC Youngstown,Analogue,146.91,146.31,25,OH,,110.9,41.05730057,-80.6391983,
W8BAP Bainbridge,Analogue,146.925,146.325,25,OH,74.4,74.4,39.28210068,-83.15609741,
W8ZX Sugarcreek,Analogue,146.925,146.325,25,OH,,71.9,40.50310135,-81.64099884,
K8SCH Cincinnati,Analogue,146.925,146.325,25,OH,123,123,39.096985,-84.604674,
W8BI Dayton,Analogue,146.94,146.34,25,OH,123,123,39.75889969,-84.19159698,
W8DES Chardon,Analogue,146.94,146.34,25,OH,110.9,110.9,41.5055,-81.1902,
W8WE Mansfield,Analogue,146.94,146.34,25,OH,71.9,71.9,40.75839996,-82.51540375,SKYWARN
N8LPQ Toledo,Analogue,146.94,146.34,25,OH,103.5,103.5,41.65696503,-83.55236078,SKYWARN
WB8HHP Navarre,Analogue,146.955,146.355,25,OH,110.9,110.9,40.72439,-81.5225,
AB8DD Urbana,Analogue,146.955,146.355,25,OH,,100,40.10839844,-83.75240326,
W8VTD Warren,Analogue,146.97,146.37,25,OH,,100,41.23759842,-80.81839752,
W8RRJ Columbus,Analogue,146.97,146.37,25,OH,123,123,39.96120071,-82.99880219,
W8CCI Hamilton,Analogue,146.97,146.37,25,OH,118.8,118.8,39.3995018,-84.56130219,
W8PAR Belpre,Analogue,146.97,146.37,25,OH,91.5,91.5,39.27399826,-81.57289886,
N8DXE Tallmadge,Analogue,146.985,146.385,12.5,OH,110.9,110.9,41.10100174,-81.44100189,
WF8M Dayton,Analogue,146.985,146.385,25,OH,,123,39.75889969,-84.19159698,
W8FTV Bellefonta,Analogue,147,147.6,25,OH,100,100,40.36119843,-83.75969696,
KB8ZMI Cambridge,Analogue,147,147.6,25,OH,,91.5,40.03120041,-81.58850098,
KB8N Youngstown,Analogue,147,147.6,25,OH,,,41.09980011,-80.64949799,
K8GE Cherry Fork,Analogue,147,147.6,25,OH,,94.8,38.8556,-83.61,
W8WRK Hamilton,Analogue,147,147.6,25,OH,,123,39.40579987,-84.49130249,
W8OKE Newbury,Analogue,147.015,147.615,25,OH,110.9,110.9,41.4645,-81.2868,SKYWARN
W8NCI Miamisburg,Analogue,147.015,147.615,25,OH,,77,39.64279938,-84.28659821,
N8YOA Lexington,Analogue,147.015,147.615,25,OH,,71.9,40.6867981,-82.6344986,
KD8SPV Londonder,Analogue,147.015,147.615,25,OH,74.4,74.4,39.2892,-82.8087,
K8QIK Lancaster,Analogue,147.03,147.63,25,OH,,71.9,39.71369934,-82.59929657,
W8EOC Brunswick,Analogue,147.03,147.63,25,OH,,131.8,41.23809814,-81.84179688,
W8EOC Medina,Analogue,147.03,147.63,25,OH,88.5,141.3,41.13840103,-81.86370087,
K8TCF Lima,Analogue,147.03,147.63,25,OH,,,40.663782,-84.085879,
W8DGN Bellbrook,Analogue,147.045,147.645,25,OH,118.8,118.8,39.63560104,-84.07080078,SKYWARN
W8CCA Keene,Analogue,147.045,147.645,25,OH,,71.9,40.3451004,-81.86820221,
N8NVI Vienna,Analogue,147.045,147.645,25,OH,,141.3,41.23770142,-80.66390228,
K8DDG Columbus,Analogue,147.06,147.66,25,OH,94.8,94.8,39.96120071,-82.99880219,
WR8ANN Bainbridg,Analogue,147.06,147.66,25,OH,,110.9,41.39339828,-81.33719635,
KC8ZAB Gallipoli,Analogue,147.06,147.66,25,OH,,74.4,38.80979919,-82.20240021,
WD8IIJ Steubenvi,Analogue,147.06,147.66,12.5,OH,,114.8,40.34249878,-80.62059784,
W8YX Cincinnati,Analogue,147.06,147.66,25,OH,100,100,39.10309982,-84.51200104,
K8VXH Oak Harbor,Analogue,147.075,147.675,25,OH,,100,41.50669861,-83.14659882,SKYWARN
K8VPJ Malvern,Analogue,147.075,147.675,25,OH,131.8,131.8,40.69169998,-81.18119812,
K8VON Defiance,Analogue,147.09,147.69,25,OH,107.2,123,41.28450012,-84.35579681,SKYWARN
WB8OVQ Barberton,Analogue,147.09,147.69,25,OH,110.9,110.9,41.01279831,-81.60510254,
KB8VUL Johnstown,Analogue,147.09,147.69,25,OH,94.8,94.8,40.155841,-82.6142,
N8GZE Cortland,Analogue,147.105,147.705,25,OH,,114.8,41.33029938,-80.72540283,
W8VCO McArthur,Analogue,147.105,147.705,25,OH,,88.5,39.24649811,-82.47850037,
N8IHI Widowville,Analogue,147.105,147.705,25,OH,71.9,71.9,40.7495019,-82.3165503,
W8GO Wilmington,Analogue,147.12,147.72,25,OH,123,123,39.44530106,-83.82849884,
W8YEK Delphos,Analogue,147.12,147.72,25,OH,,,40.84339905,-84.34159851,
WD8AYE Canton,Analogue,147.12,147.72,25,OH,110.9,110.9,40.7989006,-81.37840271,SKYWARN
N8XPK Akron,Analogue,147.135,147.735,25,OH,,110.9,41.06850052,-81.55210114,
KE8FJX Paulding,Analogue,147.135,147.735,25,OH,,141.3,41.16519928,-84.59940338,
W8FT Findlay,Analogue,147.15,147.75,25,OH,88.5,88.5,41.0442009,-83.64990234,SKYWARN
KC8BED Elyria,Analogue,147.15,147.75,25,OH,110.9,110.9,41.36840057,-82.10769653,
KC8AAV Athens,Analogue,147.15,147.75,25,OH,,,39.32920074,-82.1013031,
N8BC Mentor,Analogue,147.165,147.765,25,OH,,110.9,41.66619873,-81.33959961,
W8XRN Xenia,Analogue,147.165,147.765,25,OH,123,123,39.672,-84.076167,SKYWARN
W8DZN Shelby,Analogue,147.165,147.765,25,OH,88.5,88.5,40.89179993,-82.75099945,
W8NP Massillon,Analogue,147.18,147.78,25,OH,110.9,110.9,40.79669952,-81.52149963,
KD8HIJ Circlevil,Analogue,147.18,147.78,25,OH,,74.4,39.619574,-82.87674,
K8TIH Bowling Gr,Analogue,147.18,147.78,25,OH,67,67,41.37480164,-83.65129852,
WD8LSN Wrightsvi,Analogue,147.18,147.78,25,OH,,118.8,38.70289993,-83.51210022,
K8BXQ Wauseon,Analogue,147.195,147.795,25,OH,103.5,103.5,41.54919815,-84.14160156,
NA8SA Cleveland,Analogue,147.195,147.795,25,OH,110.9,110.9,41.49950027,-81.69539642,
WB8VQV McConnels,Analogue,147.195,147.795,25,OH,,,39.64870071,-81.85320282,
W8DYY MIAMISBURG,Analogue,147.195,147.795,25,OH,,,39.64402,-84.304381,SKYWARN
N8BC Mentor,Analogue,147.21,147.81,25,OH,,110.9,41.66289902,-81.24729919,
K8DRE Columbus,Analogue,147.21,147.81,25,OH,82.5,82.5,39.96120071,-82.99880219,
K8HO Hillsboro,Analogue,147.21,147.81,25,OH,,100,39.20230103,-83.61160278,
KE8PX Upper Sand,Analogue,147.21,147.81,25,OH,,107.2,40.82730103,-83.28130341,
W8SWS Piqua,Analogue,147.21,147.81,25,OH,67,67,40.14479828,-84.24240112,
W8WOO Wooster,Analogue,147.21,147.81,25,OH,88.5,88.5,40.78138,-81.88757,SKYWARN
K8TII Napoleon,Analogue,147.225,147.825,25,OH,,,41.39229965,-84.12519836,
N8VPR Newton Fal,Analogue,147.225,147.825,25,OH,,,41.18840027,-80.97810364,
KC8QDQ Jacksonvi,Analogue,147.225,147.825,25,OH,,,39.47510147,-82.08180237,
KD8KID Troy,Analogue,147.24,147.84,25,OH,,,40.03950119,-84.20330048,
WD8MJS Copley,Analogue,147.24,147.84,25,OH,110.9,,41.13389969,-81.48459625,
WB8CSW Hannibal,Analogue,147.24,147.84,25,OH,,,39.66719818,-80.87180328,
W8VND Cincinnati,Analogue,147.24,147.84,25,OH,123,123,39.10309982,-84.51200104,
K8DRE Columbus,Analogue,147.24,147.84,25,OH,179.9,179.9,39.96120071,-82.99880219,
KA8OEB Salem,Analogue,147.255,147.855,25,OH,,156.7,40.90090179,-80.85679626,
WB8PHI Mentor,Analogue,147.255,147.855,25,OH,,,41.66619873,-81.33959961,
KC8RCI Republic,Analogue,147.255,147.855,25,OH,107.2,107.2,41.12200165,-83.01570129,
W8VPV Cuyahoga F,Analogue,147.27,147.87,25,OH,,110.9,41.13389969,-81.48459625,SKYWARN
N8EMZ Washington,Analogue,147.27,147.87,25,OH,,77,39.53639984,-83.43910217,
W8HHF Toledo,Analogue,147.27,147.87,25,OH,103.5,103.5,41.66389847,-83.55519867,SKYWARN
KE8RV London,Analogue,147.285,147.885,25,OH,82.5,82.5,39.88639832,-83.44819641,
K8LI Delta,Analogue,147.285,147.885,25,OH,103.5,103.5,41.57369995,-84.00520325,
KB8MFV Salem,Analogue,147.285,147.885,25,OH,,88.5,40.90090179,-80.85679626,
NC8OH Caldwell,Analogue,147.285,147.885,25,OH,91.5,91.5,39.7478981,-81.51650238,
W8HN Medina,Analogue,147.285,147.885,25,OH,110.9,110.9,41.14319992,-81.85520172,
W8HFZ Akron,Analogue,147.3,147.9,25,OH,,110.9,41.08140182,-81.51899719,
KF8WT Marion,Analogue,147.3,147.9,25,OH,,250.3,40.58869934,-83.12850189,
K8TII Napoleon,Analogue,147.315,147.915,25,OH,,,41.39229965,-84.12519836,
KI8JK Belpre,Analogue,147.315,147.915,25,OH,103.5,103.5,39.29150009,-81.65529633,
W8JEU Middletown,Analogue,147.315,147.915,25,OH,77,77,39.51509857,-84.39830017,
K8TKA New Spring,Analogue,147.315,147.915,25,OH,,156.7,40.93830109,-80.59030151,
W8NBA Pataskala,Analogue,147.33,147.93,25,OH,123,123,39.99560165,-82.67430115,
K8QYL Saint Mary,Analogue,147.33,147.93,25,OH,,107.2,40.5442009,-84.38999939,
W8CCI Hamilton,Analogue,147.33,147.93,25,OH,118.8,118.8,39.3995018,-84.56130219,
K8LGN Logan,Analogue,147.345,147.945,25,OH,114.8,114.8,39.5401001,-82.40709686,
W8AK Sidney,Analogue,147.345,147.945,25,OH,,107.2,40.28419876,-84.15550232,
WB8VPG Wooster,Analogue,147.345,147.945,25,OH,,110.9,40.80509949,-81.93509674,
WJ8E Toledo,Analogue,147.345,147.945,25,OH,107.2,107.2,41.66389847,-83.55519867,
W8MRC Owensville,Analogue,147.345,147.945,25,OH,123,123,39.12260056,-84.13580322,
W8WE Mansfield,Analogue,147.36,147.96,25,OH,71.9,71.9,40.75839996,-82.51540375,SKYWARN
KB8AAK Portsmout,Analogue,147.36,147.96,25,OH,,136.5,38.7317009,-82.99770355,
K8DZ Springboro,Analogue,147.36,147.96,25,OH,,77,39.568383,-84.164117,
W8DXA North Roya,Analogue,147.36,147.96,25,OH,,107.2,41.31370163,-81.72460175,
W8RZM Toledo,Analogue,147.375,147.975,25,OH,103.5,103.5,41.66389847,-83.55519867,
WB8UCD Urbana,Analogue,147.375,147.975,25,OH,100,100,40.10839844,-83.75240326,
WD8JZP Salem,Analogue,147.375,147.975,25,OH,110.9,110.9,40.9008923,-80.8567501,
N8YRF Marysville,Analogue,147.39,147.99,25,OH,,,40.23649979,-83.36710358,
W8WKY Doylestown,Analogue,147.39,147.99,25,OH,114.8,114.8,40.9701004,-81.69650269,
W8BHZ Conneaut,Analogue,147.39,147.99,25,OH,D047N,D047N,41.94760132,-80.55419922,
WB8OVQ Uniontown,Analogue,442,447,25,OH,,131.8,40.97510147,-81.40820313,
KB8CWC Blanchest,Analogue,442.025,447.025,25,OH,,,39.29309845,-83.98880005,
N8ZPS Kent,Analogue,442.025,447.025,25,OH,,131.8,41.15370178,-81.35790253,
N8IHP Van Wert,Analogue,442.025,447.025,25,OH,156.7,156.7,40.86949921,-84.58409882,
KE8SO Kettering,Analogue,442.0375,447.0375,25,OH,,,39.6895036,-84.1688274,
WB8ZQH Brook Par,Analogue,442.05,447.05,25,OH,,,41.3983838,-81.8045788,
WD8RVK Newark,Analogue,442.05,447.05,25,OH,,,40.05810165,-82.40129852,
N8QLA Washington,Analogue,442.075,447.075,25,OH,,77,39.53639984,-83.43910217,
W8BI Dayton,Analogue,442.1,447.1,25,OH,123,123,39.75889969,-84.19159698,
KB8MFV Salem,Analogue,442.1,447.1,25,OH,,88.5,40.90090179,-80.85679626,
W8UKE Athens,Analogue,442.1,447.1,25,OH,,,39.3292396,-82.1012554,
WX8CLE Highland,Analogue,442.125,447.125,25,OH,82.5,82.5,41.445481,-81.500501,SKYWARN
N8OWV Piqua,Analogue,442.125,447.125,25,OH,,123,40.14479828,-84.24240112,
WB8ZZR Wilmingto,Analogue,442.15,447.15,25,OH,,,39.44530106,-83.82849884,
WA8TJC Polk,Analogue,442.15,447.15,25,OH,88.5,88.5,40.94449997,-82.2154007,
K8BLP East Liver,Analogue,442.175,447.175,25,OH,,,40.61869812,-80.57730103,
N8ROA Roseville,Analogue,442.175,447.175,25,OH,91.5,91.5,39.80730057,-82.07129669,
KC8ONY Waynesbur,Analogue,442.2,447.2,25,OH,,,40.6678009,-81.25730133,
N1DJS Mount Orab,Analogue,442.2,447.2,25,OH,162.2,162.2,39.0275659,-83.919652,
KB8WLW Parma,Analogue,442.225,447.225,25,OH,,131.8,41.40480042,-81.72290039,
KB8ZMI Zanesvill,Analogue,442.25,447.25,25,OH,,91.5,39.94029999,-82.01319885,
K8VXH Oak Harbor,Analogue,442.25,447.25,25,OH,,100,41.50669861,-83.14659882,SKYWARN
KC8IBR Middlefie,Analogue,442.25,447.25,25,OH,,,41.4620018,-81.07369995,
KC8ZAB Gallipoli,Analogue,442.275,447.275,25,OH,74.4,74.4,38.80979919,-82.20240021,
KE8FJX Paulding,Analogue,442.275,447.275,25,OH,,141.3,41.16519928,-84.59940338,
WB8VSU Dayton,Analogue,442.3,447.3,25,OH,123,123,39.75889969,-84.19159698,
KB8EOC Bascom,Analogue,442.3,447.3,25,OH,,107.2,41.13270187,-83.28209686,SKYWARN
WC8RA West Chest,Analogue,442.325,447.325,25,OH,,123,39.34619904,-84.40920258,
W8LKY Alliance,Analogue,442.35,447.35,25,OH,131.8,131.8,40.9029007,-81.104599,
N3VGX Swanton,Analogue,442.3625,447.3625,25,OH,,103.5,41.58869934,-83.89109802,
K8FBN Fairborn,Analogue,442.375,447.375,25,OH,118.8,118.8,39.82089996,-84.01940155,
KC8LIN Chardon,Analogue,442.4,447.4,25,OH,131.8,131.8,41.579468,-81.21579,
AF1K Stow,Analogue,442.425,447.425,25,OH,,131.8,41.15950012,-81.44039917,
WE8N Franklin,Analogue,442.425,447.425,25,OH,,77,39.55889893,-84.30410004,
KI8CY Millbury,Analogue,442.425,447.425,25,OH,103.5,103.5,41.572812,-83.430941,
KB8WLW Parma,Analogue,442.45,447.45,25,OH,,,41.40480042,-81.72290039,
NV8E Miamisburg,Analogue,442.45,447.45,25,OH,,123,39.64279938,-84.28659821,
W8JSG Sidney,Analogue,442.475,447.475,25,OH,,,40.28419876,-84.15550232,
KB8SXJ Gahanna,Analogue,442.5,447.5,25,OH,82.5,82.5,40.01919937,-82.87930298,
KD8XB Lisbon,Analogue,442.525,447.525,25,OH,,162.2,40.77199936,-80.76809692,
N8CPI Richfield,Analogue,442.55,447.55,25,OH,131.8,131.8,41.2397995,-81.63819885,
WA8MU Monroe,Analogue,442.55,447.55,25,OH,,118.8,39.44029999,-84.36219788,
K8BWK Toledo,Analogue,442.55,447.55,25,OH,100,100,41.6503699,-83.5387823,
K8VON Defiance,Analogue,442.575,447.575,25,OH,,107.2,41.28450012,-84.35579681,SKYWARN
N8QBS Fairborn,Analogue,442.575,447.575,25,OH,127.3,127.3,39.82089996,-84.01940155,
N8RQU Carrollton,Analogue,442.5875,447.5875,25,OH,,,40.57279968,-81.08570099,
W8LT Columbus,Analogue,442.6,447.6,25,OH,,114.8,39.96120071,-82.99880219,
KC8CGR Bellevue,Analogue,442.625,447.625,25,OH,110.9,110.9,41.27370071,-82.84159851,
K8VPJ Carrollton,Analogue,442.625,447.625,25,OH,,,40.57279968,-81.08570099,
K8TED Brecksvill,Analogue,442.65,447.65,25,OH,131.8,131.8,41.3178,-81.2639,
KB8SCR Fort Reco,Analogue,442.675,447.675,25,OH,,107.2,40.41279984,-84.77639771,SKYWARN
KA8VDW Berlin He,Analogue,442.675,447.675,25,OH,,162.2,41.304444,-82.485833,
KN8E Seaman,Analogue,442.675,447.675,25,OH,77,77,38.938539,-83.573899,
KD8HIJ Circlevil,Analogue,442.7,447.7,25,OH,,,39.6006012,-82.94599915,
K8RSO Jefferson,Analogue,442.7125,447.7125,25,OH,141.3,141.3,41.7386662,-80.7698066,
W8WRC Mcdonald,Analogue,442.75,447.75,25,OH,131.8,131.8,41.13177,-80.72895,
KD3WCO Dayton,Analogue,442.75,447.75,25,OH,,123,39.721204,-84.249972,
WD8KPU Loveland,Analogue,442.775,447.775,25,OH,,,39.26890182,-84.26380157,
KB8VUL Johnstown,Analogue,442.775,447.775,25,OH,100,100,40.155841,-82.6142,
K8NIO Columbus,Analogue,442.8,447.8,25,OH,,151.4,39.96120071,-82.99880219,
N8QBS Fairborn,Analogue,442.825,447.825,25,OH,,,39.82089996,-84.01940155,
KA8YTS Warren,Analogue,442.825,447.825,25,OH,,131.8,41.23759842,-80.81839752,
W8NP Massillon,Analogue,442.85,447.85,25,OH,131.8,131.8,40.80270004,-81.61450195,
WA8ZWJ Union,Analogue,442.85,447.85,25,OH,,,39.89780045,-84.3062973,
KB8ZHP Ravenna,Analogue,442.875,447.875,25,OH,100,100,41.1576004,-81.24210358,
K8YR Eaton,Analogue,442.9,447.9,25,OH,,100,39.84329987,-84.62819672,
NO8I Huber Heigh,Analogue,442.95,447.95,25,OH,118.8,118.8,39.84389877,-84.12470245,
KD8XB Minerva,Analogue,442.95,447.95,25,OH,162.2,162.2,40.72980118,-81.10540009,
WJ8E Toledo,Analogue,442.95,447.95,25,OH,107.2,107.2,41.66389847,-83.55519867,
N8SIW Polk,Analogue,442.975,447.975,25,OH,131.8,131.8,40.94449997,-82.2154007,
WD8CMD Troy,Analogue,442.975,447.975,25,OH,,,40.03950119,-84.20330048,
W8VTD Warren,Analogue,443,448,25,OH,,,41.23759842,-80.81839752,
N8SIW Brunswick,Analogue,443.025,448.025,25,OH,131.8,131.8,41.23809814,-81.84179688,
W8JTW Marietta,Analogue,443.05,448.05,25,OH,,186.2,39.38069916,-81.57779694,
KC8KVO Celina,Analogue,443.075,448.075,25,OH,,107.2,40.5489006,-84.57019806,
KA8VDW Mansfield,Analogue,443.075,448.075,25,OH,,151.4,40.75839996,-82.51540375,
W8XRN Xenia,Analogue,443.1,448.1,25,OH,,123,39.693539,-84.071617,SKYWARN
K8YSU Youngstown,Analogue,443.1,448.1,25,OH,,110.9,41.105992,-80.644519,
K8LGN Logan,Analogue,443.125,448.125,25,OH,,114.8,39.5401001,-82.40709686,
KB8UDX Delphos,Analogue,443.15,448.15,25,OH,,107.2,40.84339905,-84.34159851,
K8SCI North Roya,Analogue,443.15,448.15,25,OH,,131.8,41.31370163,-81.72460175,
WB8UCD Urbana,Analogue,443.175,448.175,25,OH,,123,40.10839844,-83.75240326,
WG8ARS Germantow,Analogue,443.1875,448.1875,25,OH,,123,39.62620163,-84.36940002,
KE8BCY Sidney,Analogue,443.2,448.2,25,OH,156.7,156.7,40.28419876,-84.15550232,SKYWARN
K8VPJ Carrollton,Analogue,443.2,448.2,25,OH,131.8,131.8,40.5728403,-81.0856532,
KA8OFE Bryan,Analogue,443.2125,448.2125,25,OH,107.2,107.2,41.4747732,-84.5524508,SKYWARN
N8FAL Youngstown,Analogue,443.225,448.225,25,OH,,156.7,41.09980011,-80.64949799,
W8RMF New Carlis,Analogue,443.2375,448.2375,25,OH,,141.3,39.8903695,-84.0443762,
WB8REI Tiffin,Analogue,443.2625,448.2625,25,OH,,107.2,40.4172871,-82.907123,
N8ASB Wilmington,Analogue,443.275,448.275,25,OH,,,39.50680302,-83.86259349,
N3GPM Kelleys Is,Analogue,443.275,448.275,25,OH,,,41.59167,-82.68889,
KE8X West Salem,Analogue,443.3,448.3,25,OH,131.8,131.8,40.97140121,-82.10990143,
N8UAS Oregon,Analogue,443.3,448.3,25,OH,103.5,103.5,41.64369965,-83.48690033,
W8BUZ Springfiel,Analogue,443.3,448.3,25,OH,146.2,146.2,39.92419815,-83.80879974,
KB8RBT McDermott,Analogue,443.325,448.325,25,OH,,186.2,38.83499908,-83.06410217,
WX8OH West Lafay,Analogue,443.325,448.325,25,OH,,71.9,40.27610016,-81.75170135,SKYWARN
W8WRK Hamilton,Analogue,443.3375,448.3375,25,OH,,,39.3995018,-84.56130219,
N1TVI Thompson,Analogue,443.3375,448.3375,25,OH,131.8,131.8,41.691906,-81.046531,SKYWARN
AB8DD Urbana,Analogue,443.35,448.35,25,OH,,,40.0544014,-83.86769867,
W8RAR Struthers,Analogue,443.35,448.35,25,OH,110.9,110.9,41.049129,-80.615658,
K8IO Wilmington,Analogue,443.375,448.375,25,OH,,123,39.44530106,-83.82849884,
W8HH Marietta,Analogue,443.4,448.4,25,OH,,91.5,39.41540146,-81.45480347,
W8WGD Hinckley T,Analogue,443.425,448.425,25,OH,131.8,131.8,41.24300003,-81.71309662,
NG8N Columbus,Analogue,443.425,448.425,25,OH,71.9,71.9,39.93270111,-83.03919983,
K8DV Owensville,Analogue,443.45,448.45,25,OH,,,39.1225624,-84.1357677,
KC8EPF Fremont,Analogue,443.45,448.45,25,OH,,,41.35029984,-83.12190247,
N8XUA Newbury,Analogue,443.45,448.45,25,OH,103.5,103.5,41.463155,-81.288178,
KD8DFL Hudson,Analogue,443.475,448.475,25,OH,,,41.24010086,-81.44069672,
KD8SIQ Bucyrus,Analogue,443.4875,448.4875,25,OH,110.9,110.9,40.8083992,-82.97550201,
KB8ZR Englewood,Analogue,443.5,448.5,25,OH,,103.5,39.87760162,-84.30220032,
K8CQA Uhrichsvil,Analogue,443.5,448.5,25,OH,,,40.39310074,-81.34649658,
KD8BTI Bowling G,Analogue,443.5125,448.5125,25,OH,103.5,103.5,41.37480164,-83.65129852,
KF8YF New Spring,Analogue,443.525,448.525,25,OH,162.2,162.2,40.9177,-80.6058,
KB9JSC Fresno,Analogue,443.5375,448.5375,25,OH,,162.2,40.33259964,-81.74150085,
W8MUM Middletown,Analogue,443.5375,448.5375,25,OH,94.8,94.8,39.51509857,-84.39830017,
K8BSR Fayette,Analogue,443.5375,448.5375,25,OH,,67,41.6733839,-84.3268925,
NO8C Miller City,Analogue,443.5625,448.5625,25,OH,107.2,107.2,41.10279846,-84.13130188,
W8KJ Fairfield,Analogue,443.575,448.575,25,OH,123,,39.29980087,-84.57350159,
KD8YCF Akron,Analogue,443.5875,448.5875,25,OH,,,41.08140182,-81.51899719,
NY1A Dayton,Analogue,443.6,448.6,25,OH,123,123,39.76458,-84.13829,
WA8CAE Lorain,Analogue,443.6,448.6,25,OH,131.8,131.8,41.45280075,-82.18240356,
W8AJL Newark,Analogue,443.6,448.6,25,OH,71.9,71.9,40.05810165,-82.40129852,
K8KHW Newport,Analogue,443.6,448.6,25,OH,103.5,103.5,39.396028,-81.225891,
KA8VDW Polk,Analogue,443.625,448.625,25,OH,162.2,162.2,40.94449997,-82.2154007,
KB8MUV Troy,Analogue,443.6375,448.6375,25,OH,,,40.03950119,-84.20330048,
N8XUA Thompson,Analogue,443.65,448.65,25,OH,103.5,103.5,41.67412,-81.023897,
WC8VOA West Ches,Analogue,443.65,448.65,25,OH,,,39.35680008,-84.3565979,
WA8GXM Massillon,Analogue,443.675,448.675,25,OH,D023N,D023N,40.79669952,-81.52149963,
N0CZV Attica,Analogue,443.675,448.675,25,OH,131.8,131.8,41.04019928,-82.53140259,SKYWARN
W8DGN Bellbrook,Analogue,443.675,448.675,25,OH,118.8,118.8,39.63560104,-84.07080078,SKYWARN
W8NWS Cincinnati,Analogue,443.7,448.7,25,OH,,,39.10309982,-84.51200104,SKYWARN
K8ATG Pomeroy,Analogue,443.7,448.7,25,OH,91.5,91.5,39.02759933,-82.03379822,SKYWARN
N8DOD Warren,Analogue,443.725,448.725,25,OH,,131.8,41.23759842,-80.81839752,
N8NOQ Fairlawn,Analogue,443.75,448.75,25,OH,,131.8,41.12779999,-81.60980225,
KC8WVH North Can,Analogue,443.75,448.75,25,OH,,131.8,40.875891,-81.4023356,
WD8IIJ Wintersvi,Analogue,443.775,448.775,25,OH,,,40.37450027,-80.70210266,
KC8LIN Akron,Analogue,443.7875,448.7875,25,OH,131.8,131.8,41.101202,-81.44182,
K8EMR Tiffin,Analogue,443.8,448.8,25,OH,107.2,107.2,41.11449814,-83.1780014,
WB8BFS Loveland,Analogue,443.8,448.8,25,OH,,67,39.26890182,-84.26380157,
KD8LDE Shaker He,Analogue,443.8,448.8,25,OH,131.8,,41.47389984,-81.53710175,
K8ZFR Parma,Analogue,443.825,448.825,25,OH,,131.8,41.40480042,-81.72290039,
W8FTV Bellefonta,Analogue,443.825,448.825,25,OH,,186.2,40.36119843,-83.75969696,
WB8JLT Oak Harbo,Analogue,443.85,448.85,25,OH,,186.2,41.5067173,-83.1465875,
W8JTW Marietta,Analogue,443.85,448.85,25,OH,186.2,186.2,39.396242,-81.548637,
WA8ILI Cortland,Analogue,443.875,448.875,25,OH,,,41.33029938,-80.72540283,
W8GMM East Pales,Analogue,443.875,448.875,25,OH,,162.2,40.8339509,-80.5403469,
WA8CEW North Roy,Analogue,443.9,448.9,25,OH,,131.8,41.31370163,-81.72460175,
KA8JOY Richfield,Analogue,443.925,448.925,25,OH,,131.8,41.2397995,-81.63819885,
K8MD Medina,Analogue,443.95,448.95,25,OH,131.8,131.8,41.143245,-81.8552196,
KA8VDW Elyria,Analogue,443.9875,448.9875,25,OH,162.2,162.2,41.36840057,-82.10769653,
K8BIG Cincinnati,Analogue,444,449,25,OH,123,123,39.12471535,-84.49872632,
W8IZ North Olmst,Analogue,444.0125,449.0125,25,OH,131.8,131.8,41.41559982,-81.92350006,
W8VFR Eaton,Analogue,444.025,449.025,25,OH,74.4,74.4,39.7439003,-84.63659668,
WD8LSN Peebles,Analogue,444.025,449.025,12.5,OH,100,100,38.93439865,-83.4509964,
KB8DOT Leesburg,Analogue,444.0375,449.0375,25,OH,,,39.34593,-83.55056,
W8DRZ Parma,Analogue,444.05,449.05,25,OH,,131.8,41.36309814,-81.71600342,
KB8SBN Cincinnat,Analogue,444.075,449.075,25,OH,110.9,110.9,39.10309982,-84.51200104,
KD8EYB Hamilton,Analogue,444.1125,449.1125,25,OH,118.8,118.8,39.393079,-84.606291,
WD8CHL Lorain,Analogue,444.125,449.125,25,OH,131.8,131.8,41.45280075,-82.18240356,
W8FT Findlay,Analogue,444.15,449.15,25,OH,,88.5,41.0442009,-83.64990234,SKYWARN
WA8PKB Wickliffe,Analogue,444.15,449.15,25,OH,,,41.6053009,-81.45339966,
WD8LSN Peebles,Analogue,444.1625,449.1625,25,OH,100,100,38.934,-83.451,
KC8BED Elyria,Analogue,444.175,449.175,25,OH,131.8,131.8,41.36840057,-82.10769653,
N8OBE Greenville,Analogue,444.175,449.175,25,OH,,,40.10279846,-84.63300323,
WA8PYR Columbus,Analogue,444.175,449.175,25,OH,,82.5,39.96120071,-82.99880219,
WC8EMA Lebanon,Analogue,444.1875,449.1875,25,OH,118.8,118.8,39.46279907,-84.14489746,SKYWARN
W8AIC Columbus,Analogue,444.2,449.2,25,OH,151.4,151.4,39.96120071,-82.99880219,SKYWARN
N8XPK Akron,Analogue,444.2,449.2,25,OH,,131.8,41.06850052,-81.55210114,
K8MCA Dayton,Analogue,444.2125,449.2125,25,OH,,123,39.44440079,-84.1108017,SKYWARN
W8ESS Cincinnati,Analogue,444.225,449.225,25,OH,123,123,39.13966611,-84.5223751,
W8QT Chagrin Fal,Analogue,444.225,449.225,25,OH,131.8,131.8,41.41519928,-81.36889648,
K8MCA Dayton,Analogue,444.25,449.25,25,OH,,123,39.75889969,-84.19159698,SKYWARN
KD8EU Wooster,Analogue,444.25,449.25,25,OH,,131.8,40.80509949,-81.93509674,
KF8YF Orwell,Analogue,444.25,449.25,25,OH,,,41.53509903,-80.86810303,
K8DDG Columbus,Analogue,444.275,449.275,25,OH,94.8,94.8,39.96120071,-82.99880219,
N8OND Cleveland,Analogue,444.275,449.275,25,OH,131.8,131.8,41.49950027,-81.69539642,
W8AK Holland,Analogue,444.275,449.275,25,OH,107.2,107.2,41.621718,-83.711604,
N1TVI Wayne,Analogue,444.2875,449.2875,25,OH,131.8,131.8,41.53944444,-80.70666667,
N8TVU Cincinnati,Analogue,444.3,449.3,25,OH,,118.8,39.10309982,-84.51200104,
KI6SZ Fairborn,Analogue,444.3125,449.3125,25,OH,,,39.82089996,-84.01940155,
KB8O Elyria,Analogue,444.3125,449.3125,25,OH,131.8,131.8,41.45280075,-82.18240356,
N8QBB Russell,Analogue,444.325,449.325,25,OH,131.8,131.8,41.4651134,-81.3509416,
KE8ZKW Lexington,Analogue,444.35,449.35,25,OH,91.5,91.5,40.695887,-82.536936,
KB8ZMI Cambridge,Analogue,444.375,449.375,25,OH,,91.5,40.03120041,-81.58850098,
W8LBZ Sandusky,Analogue,444.375,449.375,25,OH,110.9,110.9,41.44889832,-82.70800018,
KE8ANE Pennsvill,Analogue,444.4,449.4,25,OH,110.9,110.9,39.5753494,-81.8554142,
KC8RCI Republic,Analogue,444.4375,449.4375,25,OH,107.2,107.2,41.12200165,-83.01570129,
K8LI Delta,Analogue,444.45,449.45,25,OH,,103.5,41.57369995,-84.00520325,
K8TIH Bowling Gr,Analogue,444.475,449.475,25,OH,67,67,41.37480164,-83.65129852,
AG8Y Middletown,Analogue,444.475,449.475,25,OH,,100,39.51509857,-84.39830017,
N1TVI Mentor,Analogue,444.475,449.475,25,OH,131.8,131.8,41.6983868,-81.2689104,SKYWARN
KC8MXW Mogadore,Analogue,444.4875,449.4875,25,OH,,,41.04639816,-81.39790344,
K8WSL North Ridg,Analogue,444.5,449.5,25,OH,,,41.407799,-82.044449,SKYWARN
N8ARA Newark,Analogue,444.5,449.5,25,OH,,141.3,40.05810165,-82.40129852,SKYWARN
K8ZQ West Carrol,Analogue,444.5,449.5,25,OH,,,39.67229843,-84.25219727,
WU8S Loveland,Analogue,444.525,449.525,25,OH,,100,39.26890182,-84.26380157,
N8RVS Tipp City,Analogue,444.5375,449.5375,25,OH,,,39.95840073,-84.17220306,
N8PVC Columbus,Analogue,444.55,449.55,25,OH,123,123,39.96026471,-82.99772319,
N8EIO West Milto,Analogue,444.5625,449.5625,25,OH,,,39.96260071,-84.32800293,
W8QT Thompson,Analogue,444.5625,449.5625,25,OH,,131.8,41.57910156,-81.20850372,
WB8ZZR Wilmingto,Analogue,444.575,449.575,25,OH,,141.3,39.44530106,-83.82849884,
K8IV Mantua,Analogue,444.575,449.575,25,OH,,,41.2882,-81.2021,
K9IC Chesterland,Analogue,444.6,449.6,25,OH,,131.8,41.52230072,-81.33789825,
K8EEN Mount Vern,Analogue,444.6,449.6,25,OH,71.9,71.9,40.410181,-82.474872,SKYWARN
N8EMZ Washington,Analogue,444.6125,449.6125,25,OH,,,39.53639984,-83.43910217,
W8SOE Ironton,Analogue,444.625,449.625,25,OH,,103.5,38.53419876,-82.68530273,
WB8QGR Newbury,Analogue,444.625,449.625,25,OH,,,41.44929886,-81.27390289,
KC8BVF Ashley,Analogue,444.625,449.625,25,OH,,,40.40930176,-82.95439911,
N8BC Mentor,Analogue,444.65,449.65,25,OH,,131.8,41.66289902,-81.24729919,
KB8TRL Thurston,Analogue,444.65,449.65,25,OH,,179.9,39.8403419,-82.5459933,
K8KY Hamilton,Analogue,444.65,449.65,25,OH,,123,39.3995018,-84.56130219,
W8WIN Brunswick,Analogue,444.65,449.65,25,OH,131.8,131.8,41.26092,-81.81265,
KB8YVY Toledo,Analogue,444.65,449.65,25,OH,103.5,103.5,41.620639,-83.594234,
K8TV Wellington,Analogue,444.6625,449.6625,25,OH,,91.5,41.16889954,-82.21790314,
W8GUC Kettering,Analogue,444.6625,449.6625,25,OH,,123,39.6894989,-84.16880035,
K8HO Hillsboro,Analogue,444.675,449.675,25,OH,,,39.20230103,-83.61160278,
KA8OEB Salem,Analogue,444.675,449.675,25,OH,,156.7,40.90090179,-80.85679626,
W8TER Maumee,Analogue,444.7,449.7,25,OH,103.5,103.5,41.56280136,-83.65380096,
W8AK Piqua,Analogue,444.725,449.725,25,OH,,123,40.14479828,-84.24240112,
WA8PKB Wickliffe,Analogue,444.725,449.725,25,OH,,,41.6053009,-81.45339966,
N8SIM Withamsvil,Analogue,444.75,449.75,25,OH,123,123,39.05909979,-84.26590836,
K8ZFR Shaker Hei,Analogue,444.75,449.75,25,OH,131.8,131.8,41.47389984,-81.53710175,
K8KXA Gibsonburg,Analogue,444.7625,449.7625,25,OH,,131.8,41.3844986,-83.32050323,
K8HO Greenfield,Analogue,444.775,449.775,25,OH,,,39.35200119,-83.38269806,
WR8SS Parma,Analogue,444.775,449.775,25,OH,131.8,131.8,41.40480042,-81.72290039,
WB8PJZ Lima,Analogue,444.775,449.775,25,OH,,118.8,40.74250031,-84.10520172,
K8KRG Elyria,Analogue,444.8,449.8,25,OH,131.8,131.8,41.36840057,-82.10769653,
K8DDG Columbus,Analogue,444.8,449.8,25,OH,94.8,94.8,39.9611755,-82.9987942,
KB8SCR Fort Reco,Analogue,444.8125,449.8125,25,OH,,107.2,40.41279984,-84.77639771,SKYWARN
W8BLV Middletown,Analogue,444.825,449.825,25,OH,,77,39.51509857,-84.39830017,
W8ZX Stone Creek,Analogue,444.825,449.825,25,OH,,71.9,40.39730072,-81.56210327,SKYWARN
WA8ILI Warren,Analogue,444.8375,449.8375,25,OH,,,41.23759842,-80.81839752,
W8VPV Cuyahoga F,Analogue,444.85,449.85,25,OH,,110.9,41.13389969,-81.48459625,SKYWARN
W8FY Van Wert,Analogue,444.85,449.85,25,OH,,136.5,40.86949921,-84.58409882,
KD8CJ Millersbur,Analogue,444.875,449.875,25,OH,,131.8,40.55450058,-81.91790009,
N6JSX Sidney,Analogue,444.8875,449.8875,25,OH,,107.2,40.28419876,-84.15550232,
K8CF Cincinnati,Analogue,444.925,449.925,25,OH,,,39.10309982,-84.51200104,
W8EOC Lafayette,Analogue,444.925,449.925,25,OH,131.8,131.8,41.07920074,-81.94719696,
W8MTU Oregon,Analogue,444.925,449.925,25,OH,103.5,103.5,41.64369965,-83.48690033,
W8EQ Cridersvill,Analogue,444.925,449.925,25,OH,,,40.65420151,-84.15080261,
KC8QYH Deshler,Analogue,444.9375,449.9375,25,OH,103.5,103.5,41.20759964,-83.89910126,
N8LPQ Toledo,Analogue,444.95,449.95,25,OH,103.5,103.5,41.651335,-83.535316,SKYWARN
W8GNT Lebanon,Analogue,444.95,449.95,25,OH,,123,39.24723,-84.14806,
KD8USF Zanesvill,Analogue,444.95,449.95,12.5,OH,91.5,91.5,39.94029999,-82.01319885,
K8BTP Salem,Analogue,444.9625,449.9625,25,OH,,,40.90090179,-80.85679626,
KD8LBS West Ches,Analogue,444.975,449.975,25,OH,D223N,D223N,39.35331592,-84.41709728,
KC8BPE Marion,Analogue,444.9875,449.9875,25,OH,,110.9,40.58869934,-83.12850189,
WW8MRN Marion,Analogue,447.0125,442.0125,25,OH,123,123,40.58869934,-83.12850189,
W8MRN Marion,Analogue,449.7375,444.7375,25,OH,123,123,40.58869934,-83.12850189,
W9WWV Mooresvill,Analogue,145.11,144.51,25,IN,88.5,88.5,39.618718,-86.376507,
KB9JDB Connersvi,Analogue,145.12,144.52,25,IN,,127.3,39.60440063,-85.11329651,
W9HCA Danville,Analogue,145.13,144.53,25,IN,,88.5,39.7608382,-86.5239591,
K9EOC Noblesvill,Analogue,145.17,144.57,25,IN,77,77,40.045611,-86.008611,
W9EFU Madison,Analogue,145.17,144.57,25,IN,,103.5,38.73590088,-85.37999725,SKYWARN
KC9OBN Leopold,Analogue,145.19,144.59,25,IN,,107.2,38.10390091,-86.58239746,
W9LRT Bremen,Analogue,145.19,144.59,25,IN,131.8,131.8,41.44639969,-86.14810181,
WB9ARC Attica,Analogue,145.19,144.59,25,IN,88.5,88.5,40.2942009,-87.24890137,
W9JCA Pennville,Analogue,145.21,144.61,25,IN,,97.4,40.4939003,-85.14830017,
KA9PSX Shoals,Analogue,145.21,144.61,25,IN,107.2,107.2,38.6607126,-86.7186207,
W9VMW Logansport,Analogue,145.23,144.63,25,IN,173.8,173.8,40.75450134,-86.35669708,SKYWARN
W9SKI Terre Haut,Analogue,145.23,144.63,25,IN,,,39.46670151,-87.41390228,SKYWARN
KC9GMH Elkhart,Analogue,145.25,144.65,25,IN,141.3,141.3,41.68199921,-85.97669983,
W9OG Evansville,Analogue,145.25,144.65,25,IN,67,136.5,38.19620132,-87.29669952,SKYWARN
KC9PIE Scipio,Analogue,145.25,144.65,25,IN,,103.5,39.06750107,-85.70279694,SKYWARN
WC9AR Columbia C,Analogue,145.27,144.67,25,IN,141.3,141.3,41.15850067,-85.46489716,SKYWARN
K9TRC Kempton,Analogue,145.28,144.68,25,IN,,131.8,40.287926,-86.229465,
WB9UCF Summitvil,Analogue,145.31,144.71,25,IN,,131.8,40.33255,-85.64593,
W9QYQ Bedford,Analogue,145.31,144.71,25,IN,,107.2,38.86119843,-86.48719788,
W9ATG Greenfield,Analogue,145.33,144.73,25,IN,88.5,88.5,39.862759,-85.744794,SKYWARN
W9FEZ Fort Wayne,Analogue,145.33,144.73,25,IN,141.3,141.3,41.13059998,-85.12889862,
KI9U Morocco,Analogue,145.33,144.73,25,IN,131.8,131.8,40.94020081,-87.34870148,SKYWARN
NC9U Terre Haute,Analogue,145.35,144.75,25,IN,,,39.46670151,-87.41390228,
W9SMJ Kokomo,Analogue,145.35,144.75,25,IN,131.8,131.8,40.40599823,-86.06829834,
WI9RES Rossville,Analogue,145.37,144.77,25,IN,131.8,131.8,40.38888,-86.6127779,
KC9GMH Elkhart,Analogue,145.38,144.78,25,IN,97.4,141.3,41.660661,-85.948211,
W9VCF Anderson,Analogue,145.39,144.79,25,IN,151.4,151.4,40.13000107,-85.69300079,
W9GCR Linton,Analogue,145.39,144.79,25,IN,,118.8,39.03480148,-87.165802,
N9YOU South Bend,Analogue,145.39,144.79,25,IN,131.8,131.8,41.67639923,-86.2519989,
KN9OX Knox,Analogue,145.41,144.81,25,IN,131.8,131.8,41.29589844,-86.625,
N9CCA Center Poi,Analogue,145.42,144.82,25,IN,151.4,151.4,39.41699982,-87.07720184,SKYWARN
AB9HP Bluffton,Analogue,145.42,144.82,25,IN,,,40.73870087,-85.17160034,SKYWARN
K9DEW Elkhart,Analogue,145.43,144.83,25,IN,141.3,141.3,41.68199921,-85.97669983,SKYWARN
KC9JOY Seymour,Analogue,145.43,144.83,25,IN,,103.5,38.95920181,-85.89029694,SKYWARN
AE9OZ Newburgh,Analogue,145.43,144.83,25,IN,136.5,136.5,37.9253006,-87.31780243,
AD0TY Rockville,Analogue,145.44,144.84,25,IN,151.4,151.4,39.76250076,-87.22920227,
WA9FGT Petersbur,Analogue,145.45,144.85,25,IN,,107.2,38.49200058,-87.2786026,SKYWARN
NT9J New Castle,Analogue,145.45,144.85,25,IN,,127.3,39.92890167,-85.37020111,
W9NTP Shelbyvill,Analogue,145.48,144.88,25,IN,88.5,88.5,39.52140045,-85.77690125,SKYWARN
KC9VBQ Winamac,Analogue,145.48,144.88,25,IN,131.8,131.8,41.05139923,-86.60310364,
W9DUK Muncie,Analogue,145.49,144.89,25,IN,127.3,127.3,40.19340134,-85.38639832,
AA9WR Bedford,Analogue,145.49,144.89,25,IN,136.5,136.5,38.86119843,-86.48719788,
WB9ARC Covington,Analogue,145.49,144.89,25,IN,88.5,88.5,40.14170074,-87.3946991,
KC9HNP Cyclone,Analogue,146.61,146.01,25,IN,,,40.22840118,-86.43250275,
K9JSI La Porte,Analogue,146.61,146.01,25,IN,131.8,131.8,41.64357,-86.80017,
WR9G Scottsburg,Analogue,146.61,146.01,25,IN,,103.5,38.6853981,-85.76959991,
W9IRA Indianapol,Analogue,146.625,146.025,25,IN,88.5,88.5,39.77920151,-86.14980316,
WB9TLH Bloomingt,Analogue,146.64,146.04,25,IN,136.5,136.5,39.16699982,-86.52690125,SKYWARN
K9DEW Middlebury,Analogue,146.64,146.04,25,IN,141.3,141.3,41.67860031,-85.97619629,SKYWARN
K9VND Hartford C,Analogue,146.655,146.055,25,IN,141.3,141.3,40.45119858,-85.37000275,
K9IPL Indianapol,Analogue,146.67,146.07,25,IN,88.5,88.5,39.76839828,-86.15799713,
W9EOC Vincennes,Analogue,146.67,146.07,25,IN,91.5,91.5,38.68840027,-87.52100372,SKYWARN
K9ZLQ Culver,Analogue,146.67,146.07,25,IN,,131.8,41.21789932,-86.42250061,
WB9SBI Glenwood,Analogue,146.685,146.085,25,IN,,131.8,39.62590027,-85.30020142,
K9HC Huntington,Analogue,146.685,146.085,25,IN,141.3,141.3,40.8830986,-85.49749756,
N9IAA Valparaiso,Analogue,146.685,146.085,25,IN,173.8,173.8,41.47309875,-87.06109619,SKYWARN
K9IKQ Terre Haut,Analogue,146.685,146.085,25,IN,151.4,151.4,39.43230057,-87.50469971,SKYWARN
W9EMA Crown Poin,Analogue,146.7,146.1,25,IN,131.8,131.8,41.41699982,-87.36530304,
W9IRA Indianapol,Analogue,146.7,146.1,25,IN,88.5,88.5,39.92860031,-86.18190002,
W9COD Clinton,Analogue,146.715,146.115,25,IN,151.4,151.4,39.6570015,-87.39810181,
K9BLU Columbia C,Analogue,146.715,146.115,25,IN,141.3,141.3,41.15729904,-85.48829651,
W9ARP West Lafay,Analogue,146.73,146.13,25,IN,,,40.47370148,-86.89219666,
WB9HXG Muncie,Analogue,146.73,146.13,25,IN,,127.3,40.20080185,-85.40840149,
W9QYQ Mitchell,Analogue,146.73,146.13,25,IN,107.2,107.2,38.76390076,-86.52130127,SKYWARN
W9AMT Indianapol,Analogue,146.745,146.145,25,IN,D346N,D346N,39.8002535,-86.07713285,
K9LPW Indianapol,Analogue,146.76,146.16,25,IN,151.4,151.4,39.76839828,-86.15799713,
W9TE Fort Wayne,Analogue,146.76,146.16,25,IN,141.3,141.3,41.16899872,-85.09380341,SKYWARN
W9YB West Lafaye,Analogue,146.76,146.16,25,IN,131.8,131.8,40.42459869,-86.91030121,
K9PC Valparaiso,Analogue,146.775,146.175,25,IN,131.8,131.8,41.47309875,-87.06109619,
KC9AK Dugger,Analogue,146.775,146.175,25,IN,,136.5,39.0603981,-87.26049805,
W2NAP Anderson,Analogue,146.775,146.175,25,IN,88.5,88.5,40.1051253,-85.6781677,
W9EBN Marion,Analogue,146.79,146.19,25,IN,141.3,141.3,40.597019,-85.655595,SKYWARN
W9ALQ Columbus,Analogue,146.79,146.19,25,IN,103.5,103.5,39.19634464,-85.80867117,SKYWARN
W9OG Evansville,Analogue,146.79,146.19,25,IN,88.5,88.5,38.154722,-87.549166,SKYWARN
KB9WSL Rochester,Analogue,146.805,146.205,25,IN,131.8,131.8,41.05059814,-86.1344986,SKYWARN
KC9MBX Napoleon,Analogue,146.805,146.205,25,IN,,,39.22358494,-85.25613131,SKYWARN
KC9SJJ Terre Hau,Analogue,146.805,146.205,25,IN,,,39.46670151,-87.41390228,
W9OBH Anderson,Analogue,146.82,146.22,25,IN,110.9,110.9,40.1053009,-85.68029785,SKYWARN
KB9JLE Frenchtow,Analogue,146.82,146.22,25,IN,,103.5,38.31691,-86.22033,SKYWARN
W9MID Greenwood,Analogue,146.835,146.235,25,IN,,151.4,39.59270096,-86.16139984,SKYWARN
WB9VRG Cedar Lak,Analogue,146.835,146.235,25,IN,,131.8,41.3647995,-87.44110107,
K9NZF Muncie,Analogue,146.85,146.25,25,IN,127.3,127.3,40.19340134,-85.38639832,SKYWARN
W9JBQ New Albany,Analogue,146.85,146.25,25,IN,,,38.28559875,-85.82409668,
W9SCA Sullivan,Analogue,146.85,146.25,25,IN,136.5,136.5,39.09338379,-87.40928649,
K9EOC Hortonvill,Analogue,146.865,146.265,25,IN,77,77,40.09768,-86.19339,
W9RCA Indianapol,Analogue,146.88,146.28,25,IN,88.5,88.5,39.76839828,-86.15799713,
W9INX Fort Wayne,Analogue,146.88,146.28,25,IN,141.3,141.3,41.079273,-85.1393513,SKYWARN
KB9SGN Gosport,Analogue,146.895,146.295,25,IN,,136.5,39.35089874,-86.66690063,
WA9JAY Portland,Analogue,146.895,146.295,25,IN,97.4,97.4,40.43450165,-84.97769928,
K9TSM Goshen,Analogue,146.895,146.295,25,IN,141.3,141.3,41.5891606,-85.8345639,
W9KRC Kokomo,Analogue,146.91,146.31,25,IN,173.8,173.8,40.4864006,-86.13359833,
W9TE Fort Wayne,Analogue,146.91,146.31,25,IN,141.3,141.3,41.13059998,-85.12889862,SKYWARN
KC9FTG Chrisney,Analogue,146.91,146.31,25,IN,,,38.01480103,-87.03639984,SKYWARN
W9TE Fort Wayne,Analogue,146.94,146.34,25,IN,141.3,141.3,41.07645,-85.045321,SKYWARN
K9IU Bloomington,Analogue,146.94,146.34,25,IN,136.5,136.5,39.1677028,-86.5237071,SKYWARN
N9LQP Greensburg,Analogue,146.955,146.355,25,IN,146.2,146.2,39.24788845,-85.59420766,SKYWARN
W9SMJ Galveston,Analogue,146.955,146.355,25,IN,131.8,131.8,40.57889938,-86.19029999,
W9ICE Indianapol,Analogue,146.97,146.37,25,IN,,107.2,39.89030075,-86.20549774,SKYWARN
KB9KYM Berne,Analogue,146.97,146.37,25,IN,97.4,97.4,40.642725,-84.953955,
K9DEW Warsaw,Analogue,146.985,146.385,25,IN,141.3,141.3,41.23809814,-85.85310364,SKYWARN
K9QZX Spencer,Analogue,146.985,146.385,25,IN,136.5,136.5,39.301,-86.761,SKYWARN
W9NTP Rushville,Analogue,147,147.6,25,IN,,127.3,39.60919952,-85.4464035,SKYWARN
W9LJ Merrillvill,Analogue,147,147.6,25,IN,131.8,131.8,41.46689987,-87.32679749,
W9UL Petersburg,Analogue,147,147.6,25,IN,107.2,107.2,38.38230133,-87.21279907,SKYWARN
N9HC Belleville,Analogue,147.015,147.615,25,IN,88.5,88.5,39.6772995,-86.48829651,
W9OU Altona,Analogue,147.015,147.615,12.5,IN,141.3,141.3,41.35102,-85.16579,SKYWARN
KB9LDZ Wabash,Analogue,147.03,147.63,25,IN,,131.8,40.833541,-85.799487,
KB9OHY Paoli,Analogue,147.045,147.645,25,IN,103.5,103.5,38.5074842,-86.51904736,SKYWARN
W9SMJ Frankfort,Analogue,147.045,147.645,25,IN,173.8,173.8,40.27949905,-86.51080322,SKYWARN
KA9QJG Hobart,Analogue,147.045,147.645,25,IN,131.8,131.8,41.54290009,-87.2641983,
K9PYI Martinsvil,Analogue,147.06,147.66,25,IN,,88.5,39.42779922,-86.42829895,SKYWARN
W9AYW Bluffton,Analogue,147.06,147.66,25,IN,,141.3,40.73870087,-85.17160034,SKYWARN
KC9SOC Boonville,Analogue,147.075,147.675,25,IN,,88.5,38.04919815,-87.27420044,
K9DYR Anderson,Analogue,147.09,147.69,25,IN,110.9,110.9,40.1053196,-85.6802541,
N9GVU Mishawaka,Analogue,147.09,147.69,25,IN,,131.8,41.66199875,-86.15859985,
N9GTO Lanesville,Analogue,147.09,147.69,25,IN,,151.4,38.214674,-85.938288,
N9HLL Lebanon,Analogue,147.105,147.705,25,IN,,77,40.04840088,-86.46920013,SKYWARN
W9IRA Indianapol,Analogue,147.12,147.72,25,IN,,88.5,39.82229996,-86.06569672,
W9ILS Vincennes,Analogue,147.12,147.72,25,IN,107.2,107.2,38.6772995,-87.5286026,
WI9RES West Lafa,Analogue,147.135,147.735,25,IN,131.8,131.8,40.4560054,-86.925328,
N9BCP Ligonier,Analogue,147.15,147.75,25,IN,97.4,97.4,41.46590042,-85.58750153,
K9ITK Terre Haut,Analogue,147.15,147.75,25,IN,88.5,88.5,39.43223077,-87.50470348,
KD9SZA Anderson,Analogue,147.15,147.75,25,IN,151.4,151.4,40.152429,-85.672784,
KO9F Montclair,Analogue,147.165,147.765,25,IN,88.5,88.5,39.79904,-86.568624,
AB9HP Ossian,Analogue,147.165,147.765,25,IN,,,40.878296,-85.165467,SKYWARN
KB9SJZ Richmond,Analogue,147.18,147.78,25,IN,82.5,82.5,39.80289841,-84.89510345,SKYWARN
W9VMW Logansport,Analogue,147.18,147.78,25,IN,173.8,173.8,40.75450134,-86.35669708,SKYWARN
K9IU Bloomington,Analogue,147.18,147.78,25,IN,136.5,136.5,39.16759872,-86.52380371,SKYWARN
W9EBN Marion,Analogue,147.195,147.795,25,IN,,141.3,40.5583992,-85.65910339,SKYWARN
KB9LHX Jasper,Analogue,147.195,147.795,25,IN,,107.2,38.40826932,-86.93892904,SKYWARN
W9FBZ Indianapol,Analogue,147.21,147.81,25,IN,88.5,88.5,39.766398,-86.129479,
K9HD Angola,Analogue,147.21,147.81,25,IN,97.4,97.4,41.63479996,-84.99939728,SKYWARN
W9AB South Bend,Analogue,147.225,147.825,25,IN,,131.8,41.6833992,-86.25,
W9KRC Kokomo,Analogue,147.24,147.84,25,IN,173.8,173.8,40.4864006,-86.13359833,
W9LJ Saint John,Analogue,147.24,147.84,25,IN,131.8,131.8,41.44660187,-87.47329712,
W9HD Cincinnati,Analogue,147.24,147.84,25,IN,,103.5,39.02140045,-86.72360229,SKYWARN
W9ZSK Martinsvil,Analogue,147.255,147.855,25,IN,88.5,88.5,39.434323,-86.416375,SKYWARN
KC9PQA Reynolds,Analogue,147.255,147.855,25,IN,131.8,131.8,40.749329,-86.873756,
N9MTF Columbia C,Analogue,147.27,147.87,25,IN,97.4,97.4,41.108358,-85.4883127,
K9WZ Plymouth,Analogue,147.285,147.885,25,IN,131.8,131.8,41.34370041,-86.30970001,SKYWARN
KB9GYO Lawrenceb,Analogue,147.285,147.885,25,IN,,146.2,39.09090042,-84.84999847,
N9NGA Loogootee,Analogue,147.285,147.885,25,IN,,107.2,38.67699814,-86.91419983,SKYWARN
WD9EXZ Wincheste,Analogue,147.3,147.9,25,IN,,110.9,40.17200089,-84.98139954,
W1EOC Nashville,Analogue,147.3,147.9,25,IN,,136.5,39.16638,-86.21638,SKYWARN
WA9IN Washington,Analogue,147.315,147.915,25,IN,,107.2,38.65919876,-87.17279816,
K9DC Indianapoli,Analogue,147.315,147.915,25,IN,94.8,94.8,39.76839828,-86.15799713,
WB9EOC Greencast,Analogue,147.33,147.93,25,IN,,,39.64450073,-86.86470032,
K9DEW Mishawaka,Analogue,147.33,147.93,25,IN,131.8,131.8,41.59049988,-86.15630341,
K9ZEV Peru,Analogue,147.345,147.945,25,IN,131.8,131.8,40.75370026,-86.06890106,SKYWARN
W9QR Spencervill,Analogue,147.36,147.96,25,IN,,141.3,41.28310013,-84.92189789,
KA9VXS West Lafa,Analogue,147.36,147.96,25,IN,173.8,173.8,40.4258686,-86.9080655,
W9KRC Kokomo,Analogue,147.375,147.975,25,IN,173.8,173.8,40.4864006,-86.13359833,
WB9AGX South Ben,Analogue,147.39,147.99,25,IN,,131.8,41.6833992,-86.25,
KN4TRV Jenkins,Analogue,144.94,147.44,25,KY,79.7,79.7,37.165133,-82.622599,SKYWARN
K4TG Lawrencebur,Analogue,145.11,144.51,25,KY,107.2,107.2,38.077332,-84.972201,
KM4JZX Mayfield,Analogue,145.11,144.51,25,KY,,179.9,36.7599595,-88.6444484,
KJ4VF Allen,Analogue,145.13,144.53,25,KY,,100,37.6113046,-82.7284921,
AC4DM Monticello,Analogue,145.15,144.55,25,KY,,77,36.82979965,-84.84909821,SKYWARN
K4PDM Pikeville,Analogue,145.15,144.55,25,KY,,127.3,37.47930145,-82.51879883,
KY4WHT Beaver Da,Analogue,145.17,144.57,25,KY,,136.5,37.4023,-86.8786,
AK4U Martin,Analogue,145.19,144.59,25,KY,,127.3,37.5437,-82.7076,
N1DTA Lebanon,Analogue,145.21,144.61,25,KY,,146.2,37.42610168,-85.27749634,
W4KBL Princeton,Analogue,145.23,144.63,25,KY,179.9,179.9,37.1358194,-87.8958841,SKYWARN
N4KJU Inez,Analogue,145.27,144.67,25,KY,,127.3,37.86650085,-82.5388031,
K4CAY Hickman,Analogue,145.27,144.67,25,KY,100,100,36.556893,-89.0346551,SKYWARN
KD4MTG Rosine,Analogue,145.27,144.67,25,KY,,77,37.45028,-86.74139,
KC4ZMZ Prospect,Analogue,145.28,144.68,25,KY,77,77,38.3407151,-85.6182937,
KC4TUK Stanton,Analogue,145.29,144.69,25,KY,,,37.84560013,-83.85829926,
KJ4HNC Uniontown,Analogue,145.29,144.69,25,KY,77,77,37.77529907,-87.93060303,SKYWARN
W4CDA Danville,Analogue,145.31,144.71,25,KY,,100,37.64559937,-84.77220154,
KY4ARC Prestonsb,Analogue,145.31,144.71,25,KY,,127.3,37.6957016,-82.78430176,
K4HY Owensboro,Analogue,145.33,144.73,25,KY,103.5,103.5,37.77190018,-87.11119843,SKYWARN
KY4WC Versailles,Analogue,145.33,144.73,25,KY,107.2,107.2,38.05329895,-84.71549988,
AJ4SI Dixon,Analogue,145.35,144.75,25,KY,,71.9,37.51779938,-87.69029999,
KM4IAL Whitesbur,Analogue,145.35,144.75,25,KY,,186.2,37.11840057,-82.82679749,SKYWARN
WX4HC Elizabetht,Analogue,145.35,144.75,25,KY,103.5,103.5,37.70000076,-85.90000153,SKYWARN
KE4YVD Richmond,Analogue,145.37,144.77,25,KY,192.8,192.8,37.7375748,-84.2991132,
KI4HUS Draffenvi,Analogue,145.39,144.79,25,KY,,118.8,36.91999817,-88.33679962,
KK4FJO Harrodsbu,Analogue,145.39,144.79,25,KY,107.2,107.2,37.7621994,-84.84320068,
KK4CZ Fairdale,Analogue,145.41,144.81,25,KY,151.4,151.4,38.08029938,-85.7881012,
WW4KY Walton,Analogue,145.42,144.82,25,KY,,,38.9033,-84.6087,
W4PRC Winchester,Analogue,145.43,144.83,25,KY,,203.5,37.96376,-84.10839,
W4RRA Agnes,Analogue,145.45,144.85,25,KY,77,77,37.04840088,-87.02030182,SKYWARN
KN4TRV Whitesbur,Analogue,145.46,144.86,25,KY,79.7,79.7,37.077713,-82.807732,
KB4KY Bardstown,Analogue,145.47,144.87,25,KY,151.4,151.4,37.872657,-85.371193,
K4NLT Hueysville,Analogue,145.47,144.87,25,KY,,79.7,37.49509811,-82.84359741,
WB4N Maysville,Analogue,145.47,144.87,25,KY,,,38.64120102,-83.74440002,
W4KVK Henderson,Analogue,145.49,144.89,25,KY,,103.5,37.83620071,-87.58999634,
K4HH Nicholasvil,Analogue,145.49,144.89,25,KY,,,37.88059998,-84.57299805,
WD4KWV Corbin,Analogue,146.61,146.01,25,KY,103.5,103.5,36.944813,-83.969498,
KC4FRA Madisonvi,Analogue,146.61,146.01,25,KY,,100,37.3280983,-87.49890137,
K8SCH Edgewood,Analogue,146.625,146.025,25,KY,123,123,39.013248,-84.561853,
KY4ARC Salyersvi,Analogue,146.625,146.025,25,KY,,127.3,37.759394,-83.064728,
WA4UXJ Cane Vall,Analogue,146.64,146.04,25,KY,,107.2,37.16669846,-85.31069946,
WM4MD Middlesbor,Analogue,146.64,146.04,25,KY,131.8,131.8,36.594279,-83.794765,
W4WSM Morgantown,Analogue,146.655,146.055,25,KY,100,100,37.22510147,-86.68289948,
KY4MT Hazard,Analogue,146.67,146.07,25,KY,,103.5,37.19200134,-83.18859863,SKYWARN
WA4FOB Magnolia,Analogue,146.67,146.07,25,KY,,77,37.44390106,-85.74359894,
NE4ST Georgetown,Analogue,146.685,146.085,25,KY,141.3,141.3,38.2799548,-84.5691225,SKYWARN
N4WJS Owensboro,Analogue,146.69,146.09,25,KY,,110.9,37.77190018,-87.11119843,
KY4KY Brooks,Analogue,146.7,146.1,25,KY,79.7,79.7,38.06359863,-85.73110199,SKYWARN
W4MSI Elkton,Analogue,146.7,146.1,25,KY,D115N,D115N,36.85071304,-87.1959773,SKYWARN
KF4OFT Berea,Analogue,146.715,146.115,25,KY,,100,37.52489853,-84.20110321,
KY4HC Hawesville,Analogue,146.715,146.115,25,KY,136.5,136.5,37.90010071,-86.75499725,
KM4OIN Slaughter,Analogue,146.73,146.13,25,KY,,82.5,37.512485,-87.493819,
K4KJQ Lexington,Analogue,146.76,146.16,25,KY,67,67,38.03939819,-84.4029007,SKYWARN
KF4CWK Dawson Sp,Analogue,146.775,146.175,25,KY,,,37.16730118,-87.69249725,
KA4OAK Middlesbo,Analogue,146.775,146.175,25,KY,,79.7,36.6072998,-83.71430206,
N1DTA Tompkinsvi,Analogue,146.775,146.175,25,KY,151.4,151.4,36.70230103,-85.69159698,
AE4SK Vanceburg,Analogue,146.775,146.175,25,KY,,100,38.5992012,-83.31880188,
AG4TY Liberty,Analogue,146.79,146.19,25,KY,79.7,79.7,37.300998,-84.903991,SKYWARN
WB4VOA Taylor Mi,Analogue,146.79,146.19,25,KY,123,123,39.03001135,-84.50581887,
W4CMR Irvine,Analogue,146.82,146.22,25,KY,,192.8,37.727271,-83.94465,SKYWARN
K4TG Lawrencebur,Analogue,146.835,146.235,25,KY,107.2,107.2,38.056527,-84.908392,
WA4YZY Pineville,Analogue,146.835,147.435,25,KY,123,123,36.7535114,-83.6975979,
K4TDO Hazard,Analogue,146.85,146.25,25,KY,77,77,37.24950027,-83.19319916,
KM4EOC Richmond,Analogue,146.865,146.265,25,KY,192.8,192.8,37.767073,-84.320018,
KN4ZYS Louisvill,Analogue,146.88,146.28,25,KY,,100,38.25270081,-85.75849915,
N4LCA Somerset,Analogue,146.88,146.28,25,KY,77,77,37.1684,-84.8247,SKYWARN
KN4TRV Dorton,Analogue,146.895,147.495,25,KY,,127.3,37.27679825,-82.57900238,SKYWARN
WA9SAW Worthvill,Analogue,146.895,146.295,25,KY,123,123,38.6097865,-85.0674516,
KY4X Bonnieville,Analogue,146.895,146.295,25,KY,114.8,114.8,37.37870026,-85.90299988,
KY4HS Morehead,Analogue,146.91,146.31,25,KY,,123,38.17499924,-83.39399719,SKYWARN
KG4LKY Mancheste,Analogue,146.925,146.325,25,KY,79.7,79.7,37.21459961,-83.83540344,
W4BEJ Radcliff,Analogue,146.925,146.325,25,KY,,,37.84030151,-85.94909668,
KG4DVE Ashland,Analogue,146.94,146.34,25,KY,107.2,107.2,38.38710022,-82.66220093,SKYWARN
KY4X Glasgow,Analogue,146.94,146.34,25,KY,,114.8,36.9958992,-85.91190338,
K4KTR Fairdale,Analogue,146.94,146.34,25,KY,67,67,38.07989883,-85.78829956,
KK4FWU Lexington,Analogue,146.94,146.34,25,KY,88.5,88.5,38.04750061,-84.49970245,
K4MSU Murray,Analogue,146.94,146.34,25,KY,91.5,91.5,36.61299896,-88.32230377,
WB4N Flemingsbur,Analogue,146.955,146.355,25,KY,,107.2,38.42229843,-83.7338028,
WA4GDU Henderson,Analogue,146.97,146.37,25,KY,,82.5,37.83620071,-87.58999634,
K9CKY Stanton,Analogue,146.97,146.37,25,KY,,100,37.8225689,-83.8426004,
W4BEJ Elizabetht,Analogue,146.98,146.38,25,KY,,,37.7030983,-85.86489868,
KN4CG Jonathan C,Analogue,146.985,146.385,25,KY,,123,36.808611,-88.223889,
WB4WAR Monticell,Analogue,146.995,146.395,25,KY,,88.5,36.82979965,-84.84909821,
KE4LR Shelbyvill,Analogue,147,147.6,25,KY,,173.8,38.23180008,-85.2256012,
AD4RT Irvine,Analogue,147.015,147.615,25,KY,100,100,37.70059967,-83.97380066,
K4ULE Hopkinsvil,Analogue,147.03,147.63,25,KY,103.5,103.5,36.89920044,-87.48619843,
WB4EJK Louisvill,Analogue,147.03,147.63,25,KY,,151.4,38.25270081,-85.75849915,
K4CO Edgewood,Analogue,147.03,147.63,25,KY,123,123,39.0125,-84.56292,SKYWARN
N1DTA Buffalo,Analogue,147.03,146.43,25,KY,146.2,146.2,37.482068,-85.688168,
AK4U Dorton,Analogue,147.045,147.645,25,KY,,127.3,37.28529,-82.52654,
WC4WC McKee,Analogue,147.06,147.66,25,KY,107.2,107.2,37.4301371,-83.9976858,
W4NJA Paducah,Analogue,147.06,147.66,25,KY,179.9,179.9,37.08340073,-88.59999847,SKYWARN
KY4SP Westview,Analogue,147.06,147.66,25,KY,136.5,136.5,37.69779968,-86.40820313,
N4EWW Owingsvill,Analogue,147.075,147.675,25,KY,,123,38.14619827,-83.7664032,
N4MWA Phelps,Analogue,147.09,147.69,25,KY,100,100,37.501217,-82.227639,SKYWARN
K4TG Frankfort,Analogue,147.105,147.705,25,KY,107.2,107.2,38.21289825,-84.88490295,SKYWARN
KK4KCQ Harlan,Analogue,147.105,147.705,25,KY,,103.5,36.896914,-83.31245,SKYWARN
KD4DVI Paducah,Analogue,147.12,147.72,25,KY,179.9,179.9,37.08340073,-88.59999847,
W4ZQ Winchester,Analogue,147.12,147.72,25,KY,,67,37.9377,-84.100575,SKYWARN
KE4SZK Franklin,Analogue,147.135,147.735,25,KY,,136.5,36.72230148,-86.57720184,
KD4DZE Sandy Hoo,Analogue,147.135,147.735,25,KY,,107.2,38.08649826,-83.126297,
WX4HC Radcliff,Analogue,147.15,147.75,25,KY,103.5,103.5,37.84030151,-85.94909668,
W4WSM Bowling Gr,Analogue,147.165,147.765,25,KY,100,100,36.99029922,-86.44360352,
K4KJQ Cynthiana,Analogue,147.165,147.765,25,KY,67,67,38.3774779,-84.2887726,
KE4GJG London,Analogue,147.18,147.78,25,KY,,74.4,37.15179825,-83.99440002,SKYWARN
W4CN Louisville,Analogue,147.18,147.78,25,KY,79.7,79.7,38.21585,-85.72329,
KA9SKT Wickliffe,Analogue,147.18,147.78,25,KY,88.5,88.5,36.9647754,-89.0892348,
KY4KEN Cerulean,Analogue,147.195,147.795,25,KY,,136.5,36.96070099,-87.71099854,
NM4P Columbia,Analogue,147.195,147.795,25,KY,,136.5,37.1030031,-85.3067915,
K4BKR Lynch,Analogue,147.21,147.81,25,KY,,103.5,36.921111,-82.865278,
K4HY Owensboro,Analogue,147.21,147.81,25,KY,146.2,146.2,37.7620188,-87.0831848,SKYWARN
KY4ARC Paintsvil,Analogue,147.225,147.825,25,KY,,127.3,37.8144989,-82.80709839,
KC4QK Ashland,Analogue,147.24,147.84,25,KY,,107.2,38.47840118,-82.63790131,
KY4EOC Frankfort,Analogue,147.24,147.84,25,KY,100,100,38.140713,-84.925836,SKYWARN
W4GZ Hamlin,Analogue,147.24,147.84,25,KY,91.5,91.5,36.59840012,-88.07640076,
K4CO Edgewood,Analogue,147.255,147.855,25,KY,,123,39.01869965,-84.58190155,SKYWARN
AG4BT Providence,Analogue,147.255,147.855,25,KY,,,37.39749908,-87.76280212,
N1DTA Buffalo,Analogue,147.255,147.855,25,KY,77,77,37.511889,-85.699273,
WB4EJK Louisvill,Analogue,147.27,147.87,25,KY,,151.4,38.25270081,-85.75849915,
WB4JRO Madisonvi,Analogue,147.27,147.87,25,KY,77,77,37.33729935,-87.49330139,
K4GFX Fredonia,Analogue,147.285,147.885,25,KY,100,100,37.2606612,-88.0800177,
KV4AJ Garrett,Analogue,147.3,147.9,25,KY,,88.5,37.476038,-82.797817,
KD4ADJ Mount Ste,Analogue,147.315,147.915,25,KY,100,100,38.06209946,-83.95570374,
W4WKY Dawson Spr,Analogue,147.315,147.915,25,KY,82.5,82.5,37.16730118,-87.69249725,
KY4BG Bowling Gr,Analogue,147.33,147.93,25,KY,107.2,107.2,36.99029922,-86.44360352,
KG4DVE South Por,Analogue,147.33,147.93,25,KY,107.2,107.2,38.716403,-82.998923,SKYWARN
N4MRM Pleasure R,Analogue,147.36,147.96,25,KY,,151.4,38.14289856,-85.87870026,
WB4WAR Burkesvil,Analogue,147.375,147.975,25,KY,,100,36.79029846,-85.37049866,
KN4TRV Lynch,Analogue,147.375,147.975,25,KY,79.7,79.7,36.9168,-82.9004,SKYWARN
KY4OC Crestwood,Analogue,147.39,147.99,25,KY,,151.4,38.27920151,-85.44390106,
WA4SWF Louisa,Analogue,147.39,147.99,25,KY,,127.3,38.11429977,-82.60320282,
KY4ECC Ashland,Analogue,440.6125,445.6125,25,KY,,131.8,38.451204,-82.669613,SKYWARN
N4KJU Paintsvill,Analogue,441.525,446.525,25,KY,,127.3,37.8144989,-82.80709839,
WW4KY Walton,Analogue,441.8,446.8,25,KY,,179.9,38.9032,-84.6086,
KM4JZX Mayfield,Analogue,441.875,446.875,25,KY,,179.9,36.7599595,-88.6444484,
W4PRC Winchester,Analogue,441.9,446.9,25,KY,,203.5,37.99010086,-84.17960358,
WB4N Flemingsbur,Analogue,441.95,446.95,25,KY,107.2,,38.425019,-83.633453,
W4WOO Owingsvill,Analogue,442,447,25,KY,,100,38.14479828,-83.76409912,
KD4ADJ Mount Ste,Analogue,442.05,447.05,25,KY,,,38.06209946,-83.95570374,
KB4KY Bardstown,Analogue,442.05,447.05,25,KY,D654N,D654N,37.872646,-85.371191,
W4IOD Stamping G,Analogue,442.1,447.1,25,KY,107.2,107.2,38.2898849,-84.6630338,SKYWARN
KD4KZT Dorton,Analogue,442.15,447.15,25,KY,,167.9,37.28630066,-82.52829742,
K4EK Lancaster,Analogue,442.2,447.2,25,KY,,67,37.6195246,-84.5779957,
KY4X Horse Cave,Analogue,442.225,447.225,25,KY,114.8,114.8,37.1924,-85.9017,
WM4MD Middlesbor,Analogue,442.325,447.325,25,KY,100,100,36.594153,-83.794541,
K4KYB Leitchfiel,Analogue,442.35,447.35,25,KY,103.5,103.5,37.5053888,-86.293916,
KV4NK Lynch,Analogue,442.35,447.35,25,KY,,100,36.96620178,-82.92240143,
KK4RYS Madisonvi,Analogue,442.425,447.425,25,KY,82.5,82.5,37.33760071,-87.49330139,
N4TNS Fairdale,Analogue,442.5,447.5,25,KY,D365N,D365N,38.0801845,-85.7881845,
KY4HS Morehead,Analogue,442.5,447.5,25,KY,123,123,38.18399811,-83.43270111,SKYWARN
WJ4C Hopkinsvill,Analogue,442.5,447.5,25,KY,,103.5,36.89889908,-87.48799896,
KC4FIE Madisonvi,Analogue,442.775,447.775,25,KY,82.5,82.5,37.3280983,-87.49890137,
KI4FRJ London,Analogue,442.9,447.9,25,KY,,77,37.12900162,-84.08329773,
KD4DVI Paducah,Analogue,443,448,25,KY,179.9,179.9,37.0573851,-88.6558483,
KB4KY Springfiel,Analogue,443.05,448.05,25,KY,D654N,D654N,37.718274,-85.225393,
KK2ICU Georgetow,Analogue,443.1,448.1,25,KY,100,100,38.1866032,-84.5637803,
W4WKY Dawson Spr,Analogue,443.225,448.225,25,KY,,77,37.167319,-87.693126,
KY4TB Somerset,Analogue,443.4,448.4,25,KY,136.5,136.5,37.10039902,-84.58760071,
KD9CHL Marion,Analogue,443.4,448.4,25,KY,,100,37.33214,-88.108763,
WB4N Maysville,Analogue,443.5,448.5,25,KY,,107.2,38.64120102,-83.74440002,
KI4HUS Benton,Analogue,443.5,448.5,25,KY,118.8,118.8,36.862266,-88.360497,
N4HZX Graefenbur,Analogue,443.55,448.55,25,KY,123,123,38.17860031,-85.02940369,SKYWARN
AC4DM Nancy,Analogue,443.6,448.6,25,KY,100,100,37.07170105,-84.74810028,
NE4ST Georgetown,Analogue,443.625,448.625,25,KY,141.3,141.3,38.28015,-84.56869,SKYWARN
WA4FOB Magnolia,Analogue,443.675,448.675,25,KY,,77,37.44390106,-85.74359894,
KY4KY Brooks,Analogue,443.7,448.7,25,KY,79.7,79.7,38.06359863,-85.73110199,SKYWARN
KY4WC Versailles,Analogue,443.775,448.775,25,KY,107.2,107.2,38.05329895,-84.71549988,
KY4HS Farmers,Analogue,443.8,448.8,25,KY,,123,38.1992082,-83.5469252,
K4MSU Murray,Analogue,443.8,448.8,25,KY,91.5,91.5,36.61029816,-88.31479645,
KX4DN Taylorsvil,Analogue,443.825,448.825,25,KY,118.8,118.8,38.08169937,-85.34279633,
N4KWT Louisville,Analogue,443.975,448.975,25,KY,,100,38.25270081,-85.75849915,
AD4RT Irvine,Analogue,444,449,25,KY,100,100,37.70059967,-83.97380066,
KB4PTJ Williamsb,Analogue,444.05,449.05,25,KY,,100,36.74340057,-84.15969849,
KB4PTJ Shelbyvil,Analogue,444.05,449.05,25,KY,,91.5,38.18009949,-85.11019897,SKYWARN
KD4BOH Rockport,Analogue,444.075,449.075,25,KY,,77,37.33390045,-86.99610138,
W4WSM Bowling Gr,Analogue,444.1,449.1,25,KY,100,100,36.99029922,-86.44360352,
W4MSI Oak Grove,Analogue,444.125,449.125,25,KY,D122N,D122N,36.712541,-87.485921,SKYWARN
W4KBL Princeton,Analogue,444.175,449.175,25,KY,123,123,37.13460159,-87.89679718,SKYWARN
K4CAY Hickman,Analogue,444.25,449.25,25,KY,,100,36.54947222,-89.18341667,SKYWARN
K4CO Edgewood,Analogue,444.35,449.35,25,KY,123,123,39.02402,-84.54313,SKYWARN
K4TG Lawrencebur,Analogue,444.375,449.375,25,KY,107.2,107.2,38.056527,-84.908392,
KE4LR Shelbyvill,Analogue,444.45,449.45,25,KY,,100,38.231855,-85.2261375,
KO4NQJ Lawrenceb,Analogue,444.48,449.48,25,KY,,179.9,38.012,-84.95,
K4TG Lawrencebur,Analogue,444.5,449.5,25,KY,107.2,107.2,38.077332,-84.972201,
N4MRM Pleasure R,Analogue,444.6,449.6,25,KY,,151.4,38.142856,-85.878659,
KI4NEC Richmond,Analogue,444.625,449.625,25,KY,,192.8,37.7478981,-84.29470062,
WA4GDU Henderson,Analogue,444.725,449.725,25,KY,,82.5,37.8652789,-87.5678649,
WB4WAR Monticell,Analogue,444.75,449.75,25,KY,,88.5,36.8188942,-84.786727,
N1YKT Hopkinsvil,Analogue,444.75,449.75,25,KY,88.5,88.5,36.8656008,-87.4886186,
W4BEJ Elizabetht,Analogue,444.8,449.8,25,KY,,,37.7030983,-85.86489868,
KB0BWG Wellingto,Analogue,444.8,449.8,25,KY,131.8,131.8,37.83111083,-83.54483333,
KY4MT Hazard,Analogue,444.825,449.825,12.5,KY,,103.5,37.19210052,-83.18859863,SKYWARN
K4GFX Fredonia,Analogue,444.825,449.825,25,KY,100,100,37.26,-88.08,
KY4X Bonnieville,Analogue,444.85,449.85,25,KY,114.8,114.8,37.37870026,-85.90299988,
K4KJQ Lexington,Analogue,444.875,449.875,25,KY,67,67,38.0862,-84.4889,SKYWARN
WB4IVB Corbin,Analogue,444.9,449.9,25,KY,100,100,36.94869995,-84.09690094,
KN4ZYS Louisvill,Analogue,444.9,449.9,25,KY,,100,38.07519913,-85.74739838,
KY4X Glasgow,Analogue,444.925,449.925,25,KY,,,36.9958992,-85.91190338,
K4HH Nicholasvil,Analogue,444.975,449.975,25,KY,,,37.88059998,-84.57299805,
KC4QK Ashland,Analogue,444.975,449.975,25,KY,,107.2,38.4784144,-82.6379387,
N8RV Frost,Analogue,145.11,144.51,25,WV,107.2,107.2,38.27000046,-79.88169861,
K8SA Salt Rock,Analogue,145.11,144.51,25,WV,,110.9,38.31209946,-82.22840118,
W8OO Crawford,Analogue,145.13,144.53,25,WV,,103.5,38.86970139,-80.41280365,
W8ORS Martinsbur,Analogue,145.15,144.55,25,WV,179.9,179.9,39.45619965,-77.96389771,
KF8LO Philippi,Analogue,145.15,144.55,25,WV,,103.5,39.15230179,-80.04039764,SKYWARN
WV8CH Bolt,Analogue,145.17,144.57,25,WV,100,100,37.78770065,-81.4910965,SKYWARN
N8VAA Moorefield,Analogue,145.19,144.59,25,WV,,118.8,39.06230164,-78.96949768,
WB8YJJ Richwood,Analogue,145.19,144.59,25,WV,,146.2,38.22480011,-80.53309631,
KA8YEZ Wheeling,Analogue,145.19,144.59,25,WV,,156.7,40.06399918,-80.72090149,
KF8LO Elkins,Analogue,145.21,144.61,25,WV,,162.2,38.92589951,-79.84670258,SKYWARN
KE8COT Mount Alt,Analogue,145.21,144.61,25,WV,91.5,91.5,38.8563708,-81.9100489,
N8FWL Beckley,Analogue,145.23,144.63,25,WV,100,100,37.94749832,-81.30809784,
KX8T Belington,Analogue,145.23,144.63,25,WV,103.5,103.5,38.98500061,-79.89440155,
KX8T Buckhannon,Analogue,145.25,144.65,25,WV,,,38.9939872,-80.2320276,
N8FMD Birch Rive,Analogue,145.27,144.67,25,WV,103.5,103.5,38.44741,-80.79144,
WB8WV Glenville,Analogue,145.29,144.69,25,WV,91.5,91.5,38.9068985,-80.83029938,
WV8B Danese,Analogue,145.31,144.71,25,WV,100,100,37.92810059,-80.97000122,
W3ATE Hillsboro,Analogue,145.33,144.73,25,WV,,136.5,38.11159897,-80.27249908,
W8GK Charleston,Analogue,145.35,144.75,25,WV,91.5,91.5,38.35139084,-81.60861206,
W8SP Fairmont,Analogue,145.35,144.75,25,WV,,103.5,39.43600082,-80.07900238,
WV8BD Beckley,Analogue,145.37,144.77,25,WV,100,100,37.7769564,-81.2023532,
N8MIN Weston,Analogue,145.39,144.79,25,WV,,103.5,39.034226,-80.5636,
AI4UK Lenore,Analogue,145.39,144.79,25,WV,,100,37.79899979,-82.28679657,
W8LD Buckhannon,Analogue,145.41,144.81,25,WV,103.5,103.5,38.99399948,-80.23200226,
W8MWA Morgantown,Analogue,145.43,144.83,25,WV,103.5,103.5,39.695789,-79.762453,
N8LGY Mount Zion,Analogue,145.45,144.85,25,WV,,107.2,38.86220169,-81.12580109,
WV8ED Welch,Analogue,145.45,144.85,25,WV,,100,37.43289948,-81.58450317,
WV8T Summersvill,Analogue,145.47,144.87,25,WV,,100,38.2808,-80.8731905,
W8MOP Bluefield,Analogue,145.49,144.89,25,WV,,103.5,37.25579834,-81.18160248,SKYWARN
KD8OOF Millwood,Analogue,145.49,144.89,12.5,WV,123,123,38.88190079,-81.85079956,
K1WV Buckhannon,Analogue,146.61,146.01,25,WV,136.5,136.5,39.0283,-80.314166,
KE8CGG Sias,Analogue,146.61,146.01,25,WV,,218.1,38.1978038,-82.07573,
WV8B Flat Top,Analogue,146.625,146.025,25,WV,,100,37.58959961,-81.11450195,
K8IS Elizabeth,Analogue,146.625,146.025,25,WV,,123,39.061111,-81.509722,
N8HZ Huntington,Analogue,146.64,146.04,25,WV,,,38.49509811,-82.20040131,
N8MIN Harmon,Analogue,146.64,146.04,25,WV,,103.5,38.864995,-79.577305,
N8SNW Laeger,Analogue,146.655,146.055,25,WV,,100,37.42679977,-81.81439972,
WD8JNU Ripley,Analogue,146.67,146.07,12.5,WV,107.2,107.2,38.81610107,-81.68730164,
KX8T Valley Head,Analogue,146.67,146.07,25,WV,103.5,103.5,38.54510117,-80.0358963,
W8LPN New Manche,Analogue,146.67,146.07,25,WV,,162.2,40.5318746,-80.5412285,SKYWARN
N8FMD Clarksburg,Analogue,146.685,146.085,25,WV,103.5,103.5,39.2806015,-80.34449768,
W8NAM Danville,Analogue,146.685,146.085,25,WV,,203.5,38.08369827,-81.80460358,
WV8BSA Mount Hop,Analogue,146.7,146.1,25,WV,123,123,37.9029007,-81.12989807,
KC8FZH Moundsvil,Analogue,146.715,146.115,25,WV,110.9,110.9,39.94309998,-80.73329926,SKYWARN
KC8CSE Alderson,Analogue,146.73,146.13,25,WV,100,100,37.7734531,-80.7053607,
KK3L Berkeley Sp,Analogue,146.745,146.145,25,WV,,123,39.443611,-78.346944,
KF8LO Elkins,Analogue,146.745,146.145,25,WV,,103.5,38.92589951,-79.84670258,SKYWARN
W8VA Huntington,Analogue,146.76,146.16,25,WV,,131.8,38.42029953,-82.40260315,
W8CUL Morgantown,Analogue,146.76,146.16,25,WV,103.5,103.5,39.64599991,-79.9733963,
W8ZQ Wheeling,Analogue,146.76,146.16,25,WV,67,67,40.06399918,-80.72090149,
KC8CSE Union,Analogue,146.76,146.16,25,WV,,162.2,37.632,-80.566,
NE8W Elkins,Analogue,146.775,146.175,25,WV,,,38.92589951,-79.84670258,
KC8CSE Ansted,Analogue,146.79,146.19,25,WV,,100,38.1526085,-81.1151043,
WB8CQV Hernshaw,Analogue,146.82,146.22,25,WV,203.5,203.5,38.22520065,-81.60230255,
N8OYY Rowlesburg,Analogue,146.82,146.22,25,WV,91.5,91.5,39.3121,-79.7557,
KC8ECX Cowen,Analogue,146.835,146.235,25,WV,,110.9,38.4095993,-80.55789948,
KB8PCW Gilbert,Analogue,146.85,146.25,25,WV,100,100,37.42470169,-81.99569702,
KF8LO Buckhannon,Analogue,146.85,146.25,25,WV,,103.5,38.99399948,-80.23200226,SKYWARN
WA4TXE Charles T,Analogue,146.85,146.25,25,WV,,77,39.28900146,-77.85970306,
WV8LC Hamlin,Analogue,146.865,146.265,25,WV,,100,38.2787019,-82.1029156,
WB8CQV South Cha,Analogue,146.88,146.28,25,WV,203.5,,38.34980011,-81.63259888,
KC8CSE Webster S,Analogue,146.895,146.295,25,WV,,123,38.50994988,-80.34215562,
KC8FZH Cameron,Analogue,146.91,146.31,25,WV,123,123,39.82699966,-80.5664978,
K8MCR Morgantown,Analogue,146.925,146.325,25,WV,103.5,103.5,39.695267,-79.762611,
WV8CH Charleston,Analogue,146.925,146.325,25,WV,100,100,38.33075,-81.660908,SKYWARN
W8CWO Weirton,Analogue,146.94,146.34,25,WV,114.8,114.8,40.41899872,-80.58950043,
KE8HPE Fenwick,Analogue,146.94,146.34,25,WV,,100,38.2293,-80.5823,
K8DCA West Union,Analogue,146.955,146.355,25,WV,103.5,103.5,39.434124,-80.551067,
KA8GMX Logan,Analogue,146.97,146.37,25,WV,,100,37.84870148,-81.99349976,
KD8IFP Moorefiel,Analogue,146.985,146.385,25,WV,,123,39.06230164,-78.96949768,
N8OLC Huntington,Analogue,146.985,146.385,25,WV,,131.8,38.3769989,-82.51709747,
KF8LL New Martin,Analogue,146.985,146.385,25,WV,,,39.64450073,-80.85759735,
KC8KCI Terra Alt,Analogue,147,146.4,25,WV,103.5,103.5,39.4455986,-79.54640198,
KC8SDN Richwood,Analogue,147.015,147.615,25,WV,100,,38.22480011,-80.53309631,
KC8IT Mullens,Analogue,147.03,147.63,25,WV,100,100,37.58319855,-81.38040161,
N8ZAR Buckhannon,Analogue,147.03,147.63,25,WV,103.5,103.5,38.94309998,-80.19100189,
KD8XK Bluefield,Analogue,147.06,146.46,25,WV,100,100,37.40090179,-81.31819916,
W8OO Crawford,Analogue,147.06,147.66,25,WV,,103.5,38.87200165,-80.4367981,
KX8T Morgantown,Analogue,147.075,147.675,25,WV,103.5,103.5,39.695267,-79.762611,
KC8CSE Marlinton,Analogue,147.09,147.69,25,WV,,162.2,38.2348,-80.1557,
KA8AUW Spencer,Analogue,147.105,147.705,25,WV,107.2,107.2,38.79330063,-81.34719849,
W8SLH Bridgeport,Analogue,147.12,147.72,25,WV,,118.8,39.28649902,-80.2562027,
W8NAM Danville,Analogue,147.12,147.72,25,WV,,203.5,38.10839844,-81.75060272,
KX8T Davis,Analogue,147.135,147.735,25,WV,103.5,103.5,39.12870026,-79.46479797,
KC8LTG Rockport,Analogue,147.135,147.735,25,WV,123,123,39.09149933,-81.54840088,
KB8YDG Richwood,Analogue,147.15,147.75,25,WV,,100,38.22480011,-80.53309631,
WV8HC Clarksburg,Analogue,147.165,147.765,25,WV,,91.5,39.2806015,-80.34449768,
W8KTM Charleston,Analogue,147.18,147.78,25,WV,91.5,91.5,38.31169891,-81.68299866,
WB8CQV South Cha,Analogue,147.21,147.81,25,WV,203.5,203.5,38.3685523,-81.6998865,
KB8UUE Martinsbu,Analogue,147.255,147.855,25,WV,,123,39.45619965,-77.96389771,
KC8CNL Hinton,Analogue,147.255,147.855,25,WV,100,100,37.714123,-80.953385,
WC8EC Parkersbur,Analogue,147.255,147.855,25,WV,131.8,131.8,39.25920105,-81.27680206,
WV8AR Scott Depo,Analogue,147.27,147.87,25,WV,123,123,38.40639877,-81.90110016,SKYWARN
N8HON Circlevill,Analogue,147.285,147.885,25,WV,103.5,103.5,38.69979858,-79.53279877,
WV8RAG Pennsboro,Analogue,147.3,147.9,25,WV,,107.2,39.28509903,-80.96839905,
W3ATE Hillsboro,Analogue,147.315,147.915,25,WV,,136.5,38.11819839,-80.26750183,
KE8BRP Welch,Analogue,147.33,147.93,25,WV,,100,37.43289948,-81.58450317,
KD8FDD Fairmont,Analogue,147.33,147.93,25,WV,123,123,39.44603496,-79.98523972,SKYWARN
KC8FPC Franklin,Analogue,147.345,147.945,25,WV,179.9,179.9,38.64289856,-79.33119965,
KD8CVI Sumerco,Analogue,147.345,147.945,25,WV,100,100,38.2132988,-81.91000366,
K4NFP Beckley,Analogue,147.36,147.96,25,WV,,,37.77819824,-81.1882019,
WV8TC Middlebour,Analogue,147.36,147.96,25,WV,,110.9,39.49229813,-80.90370178,
K7SOB Skyline,Analogue,147.36,147.96,25,WV,127.3,127.3,39.31499863,-79.11319733,
KC8FZH Saint Jos,Analogue,147.36,147.96,25,WV,123,123,39.9187517,-80.742938,SKYWARN
W8SLH Grafton,Analogue,147.375,147.975,25,WV,,103.5,39.34090042,-80.01899719,
WV8BS Keyser,Analogue,147.39,147.99,25,WV,123,123,39.38240051,-79.0786972,SKYWARN
KC8CSE Hillsboro,Analogue,147.39,147.99,25,WV,,100,38.1301384,-80.319456,
W8PAR Parkersbur,Analogue,147.39,147.99,25,WV,91.5,91.5,39.2722407,-81.6218458,
KD8FDD Fairmont,Analogue,441.775,446.775,25,WV,123,123,39.42593,-80.08933,SKYWARN
K8APD Franklin,Analogue,441.825,446.825,25,WV,,131.8,38.703,-79.405,
KC8FZH Moundsvil,Analogue,441.95,446.95,25,WV,123,123,39.94309998,-80.73329926,SKYWARN
KD8JCS Elkins,Analogue,442.1,447.1,25,WV,,162.2,38.92589951,-79.84670258,
W8LPN New Manche,Analogue,442.3,447.3,25,WV,,162.2,40.5333,-80.5404,SKYWARN
KE8COT Point Ple,Analogue,442.4,447.4,25,WV,91.5,91.5,38.797775,-82.14104,SKYWARN
WA3KOK Berkeley,Analogue,442.45,447.45,25,WV,,107.2,39.443611,-78.346944,
W8MOP Bluefield,Analogue,442.45,447.45,25,WV,103.5,103.5,37.25579834,-81.1815033,SKYWARN
N8RAT Moorefield,Analogue,442.5,447.5,25,WV,123,123,39.16030121,-78.82610321,
WV8CCC Madison,Analogue,442.55,447.55,25,WV,,100,38.05049896,-81.78220367,
K8MCR Morgantown,Analogue,442.6,447.6,25,WV,103.5,103.5,39.695582,-79.762444,
W8JMV Elizabeth,Analogue,442.625,447.625,25,WV,,123,39.0634129,-81.3951198,
K4NFP Bluefield,Analogue,442.65,447.65,25,WV,103.5,103.5,37.222669,-81.248788,
W8LD Buckhannon,Analogue,442.675,447.675,25,WV,,103.5,38.99399948,-80.23200226,
K1LLS Martinsbur,Analogue,442.7,447.7,25,WV,,D023N,39.45619965,-77.96389771,
WB8NSL Pennsboro,Analogue,442.85,447.85,25,WV,,103.5,39.28509903,-80.96839905,
N8RAT Martinsbur,Analogue,442.85,447.85,25,WV,100,100,39.4510994,-78.06790161,
KA8YEZ Wheeling,Analogue,443.025,448.025,25,WV,,156.7,40.06399918,-80.72090149,
KD8FDD Grafton,Analogue,443.15,448.15,25,WV,,123,39.3836588,-80.0759444,SKYWARN
WA8LLM Parkersbu,Analogue,443.175,448.175,25,WV,,146.2,39.25920105,-81.27680206,
N8RAT Winchester,Analogue,443.2,448.2,25,WV,123,123,39.14410019,-78.436203,
N8LHL Rockport,Analogue,443.35,448.35,25,WV,,123,39.08570099,-81.55549622,
KC8SDN Richwood,Analogue,443.375,448.375,25,WV,,100,38.22480011,-80.53309631,
WZ8E Bluefield,Analogue,443.625,448.625,25,WV,,100,37.2698395,-81.2223195,
WD8JNU Kenna,Analogue,443.725,448.725,25,WV,127.3,127.3,38.62770081,-81.64150238,
WZ8E Bluefield,Analogue,443.775,448.775,25,WV,,100,37.2698395,-81.2223195,
KB8TGK Huntingto,Analogue,443.85,448.85,25,WV,162.2,162.2,38.50590134,-82.20899963,SKYWARN
W8SP Fairmont,Analogue,443.875,448.875,25,WV,,103.5,39.48509979,-80.14260101,
WV8KJ Hamlin,Analogue,443.95,448.95,25,WV,,123,38.27870178,-82.10289764,
N8MIN Weston,Analogue,443.975,448.975,25,WV,,123,39.03839874,-80.46730042,
WV8BSA Mount Hop,Analogue,444.025,449.025,25,WV,,123,37.895401,-81.16429901,
K8WRF Hurricane,Analogue,444.075,449.075,25,WV,,,38.43259811,-82.02010345,
KC8FZH Moundsvil,Analogue,444.075,449.075,25,WV,123,123,39.94309998,-80.73329926,SKYWARN
N8LVE Chestnut K,Analogue,444.125,449.125,25,WV,,107.2,37.92810059,-80.97029877,
WV8BS Keyser,Analogue,444.125,449.125,25,WV,103.5,103.5,39.38240051,-79.0786972,SKYWARN
W8GK Charleston,Analogue,444.2,449.2,25,WV,,91.5,38.3911,-81.6116,
N8ZAR Buckhannon,Analogue,444.25,449.25,25,WV,,103.5,38.99399948,-80.23200226,
KC8OGK Ansted,Analogue,444.275,449.275,25,WV,100,100,38.16839981,-81.19480133,
KD8IFP Moorefiel,Analogue,444.4,449.4,25,WV,,103.5,38.98419952,-78.90640259,
W8KTM Charleston,Analogue,444.4,449.4,25,WV,91.5,91.5,38.31100082,-81.69760132,
WV8CH Bolt,Analogue,444.425,449.425,25,WV,100,100,37.7875,-81.4908333,SKYWARN
W8MSD Wheeling,Analogue,444.575,449.575,25,WV,,156.7,40.01129913,-80.69139862,
WB8CQV Hernshaw,Analogue,444.7,449.7,25,WV,,203.5,38.22520065,-81.60230255,
W8PAR Parkersbur,Analogue,444.725,449.725,25,WV,91.5,91.5,39.265547,-81.611599,
KR8AM Alderson,Analogue,444.725,449.725,25,WV,100,100,37.77345,-80.70536,
N8RLR Elkins,Analogue,444.85,449.85,25,WV,,162.2,38.92589951,-79.84670258,
KC8FZH Saint Jos,Analogue,444.875,449.875,25,WV,123,123,39.73020172,-80.71559906,SKYWARN
WB8CQV Charlesto,Analogue,444.95,449.95,25,WV,,203.5,38.34980011,-81.63259888,
N8RAT Berkeley S,Analogue,444.95,449.95,25,WV,123,123,39.44419861,-78.34750366,
KD8AZC Moorefiel,Analogue,447.325,442.325,25,WV,103.5,103.5,38.982839,-78.908133,
W3ND Harrisburg,Analogue,145.11,144.51,25,PA,131.8,131.8,40.42070007,-76.81220245,SKYWARN
W3GFD Sugar Grov,Analogue,145.11,144.51,25,PA,186.2,186.2,41.84389877,-79.14499664,
K1NRA Carbondale,Analogue,145.11,144.51,25,PA,94.8,94.8,41.54150009,-75.45670319,
WB3JOE Paoli,Analogue,145.13,144.53,25,PA,,131.8,40.0444,-75.5013,
W3MIE Meadville,Analogue,145.13,144.53,25,PA,186.2,186.2,41.63280106,-80.08540344,SKYWARN
KS3R Bridgeville,Analogue,145.13,144.53,25,PA,131.8,131.8,40.33000183,-80.12650299,
KB3DXU Trout Run,Analogue,145.15,144.55,25,PA,167.9,167.9,41.45040131,-77.00140381,SKYWARN
AA3RG Pine Grove,Analogue,145.17,144.57,25,PA,82.5,82.5,40.506573,-76.376545,
WB3JNP Connellsv,Analogue,145.17,144.57,25,PA,131.8,131.8,40.0366308,-79.4953507,
W3ZIC Eau Claire,Analogue,145.19,144.59,25,PA,,186.2,41.13990021,-79.75409698,SKYWARN
W3DBB Lewistown,Analogue,145.19,144.59,12.5,PA,,123,40.55849838,-77.66719818,
W3VC Pittsburgh,Analogue,145.19,144.59,25,PA,,131.8,40.44350052,-79.94159698,
KA3TKW Harrisbur,Analogue,145.21,144.61,25,PA,123,123,40.27370071,-76.88439941,
NR3K Wellsboro,Analogue,145.21,144.61,25,PA,127.3,127.3,41.65499878,-77.5766983,SKYWARN
WA3REC Equinunk,Analogue,145.21,144.61,25,PA,88.5,88.5,41.833,-75.21,
K3IR Manheim,Analogue,145.23,144.63,25,PA,118.8,118.8,40.16704,-76.4547911,
W3ZIC Franklin,Analogue,145.23,144.63,25,PA,,186.2,41.36520004,-79.84400177,SKYWARN
W3WAN Tannersvil,Analogue,145.23,144.63,25,PA,,77,41.03979874,-75.30570221,
K3PSP West Alexa,Analogue,145.25,144.65,25,PA,131.8,131.8,40.057699,-80.509961,SKYWARN
W3ZIC Oil City,Analogue,145.25,144.65,25,PA,123,123,41.35699844,-79.72599792,SKYWARN
N3SLC Christiana,Analogue,145.25,144.65,12.5,PA,,114.8,39.90608,-76.01061,
KQ3M Meyersdale,Analogue,145.27,144.67,25,PA,,123,39.834286,-78.958208,
KB3VPK Easton,Analogue,145.27,144.67,25,PA,,151.4,40.71889877,-75.23789978,
W3WAN Chambersbu,Analogue,145.27,144.67,25,PA,,74.4,39.9375911,-77.6611022,
W3ND Harrisburg,Analogue,145.29,144.69,25,PA,,123,40.34540176,-76.86869812,SKYWARN
KC3OVW Liberty,Analogue,145.29,144.69,25,PA,151.4,151.4,40.95930099,-76.70899963,
K3PSG Cabot,Analogue,145.29,144.69,25,PA,131.8,131.8,40.773637,-79.762967,
W3AI Perkasie,Analogue,145.31,144.71,25,PA,,131.8,40.37200165,-75.29270172,
N3FYI Lancaster,Analogue,145.31,144.71,25,PA,118.8,118.8,39.88600159,-76.25119781,SKYWARN
W3SGJ Beaver Fal,Analogue,145.31,144.71,25,PA,131.8,131.8,40.788522,-80.281293,
W3WIV Huntingdon,Analogue,145.31,144.71,25,PA,,123,40.48479843,-78.01029968,
W3HJ Hilltown,Analogue,145.33,144.73,25,PA,,131.8,40.32699966,-75.23570251,
KB3DXU Williamsp,Analogue,145.33,144.73,12.5,PA,167.9,167.9,41.211045,-76.954921,SKYWARN
W3KGN Gettysburg,Analogue,145.35,144.75,25,PA,,103.5,39.83089828,-77.23110199,
WA3EPA Doylestow,Analogue,145.35,144.75,25,PA,,131.8,40.31010056,-75.12989807,
KB3DXU Watervill,Analogue,145.35,144.75,25,PA,167.9,167.9,41.31689835,-77.34400177,SKYWARN
K3TSA Shohola,Analogue,145.35,144.75,25,PA,,100,41.47079849,-74.91840363,
W3LIF Sharon,Analogue,145.35,144.75,25,PA,,186.2,41.23630142,-80.43039703,
W3SC Delano,Analogue,145.37,144.77,25,PA,123,123,40.8496654,-76.1115662,
WA3WOM Tarentum,Analogue,145.37,144.77,25,PA,131.8,131.8,40.5697892,-79.7647705,
W3AD Cornwall,Analogue,145.39,144.79,25,PA,118.8,118.8,40.24649811,-76.36579895,
N3DAX Wilkes-Bar,Analogue,145.41,144.81,25,PA,,100,41.2458992,-75.88130188,
KD3WT Philadelph,Analogue,145.41,144.81,25,PA,,127.3,39.95230103,-75.1638031,
K3QY Widnoon,Analogue,145.41,144.81,25,PA,173.8,173.8,40.96659851,-79.52189636,SKYWARN
N3TWT Mount Holl,Analogue,145.43,144.83,25,PA,,67,40.07786111,-77.22358333,SKYWARN
N3KZ Union Dale,Analogue,145.43,144.83,25,PA,77,77,41.71549988,-75.56060028,
WA3HLC Ulysses,Analogue,145.43,144.83,25,PA,127.3,127.3,41.90399933,-77.76190186,
ND3L Ebensburg,Analogue,145.43,144.83,25,PA,123,123,40.5045,-78.800833,
W3XP Ephrata,Analogue,145.45,144.85,25,PA,,100,40.17979813,-76.17880249,
K3YTL Wilkes-Bar,Analogue,145.45,144.85,25,PA,82.5,82.5,41.29790115,-75.91159821,
KB3DXU Huntersvi,Analogue,145.45,144.85,12.5,PA,167.9,167.9,41.33919907,-76.77829742,SKYWARN
KA3IRT Independe,Analogue,145.45,144.85,25,PA,,123,40.57009888,-80.30509949,
K3CR State Colle,Analogue,145.45,144.85,25,PA,146.2,146.2,40.79339981,-77.86000061,
W3ND Harrisburg,Analogue,145.47,144.87,25,PA,,123,40.34540176,-76.86869812,SKYWARN
KB3CNN Hazelwood,Analogue,145.47,144.87,25,PA,71.9,71.9,40.4155914,-79.9317702,
K3TI Reading,Analogue,145.49,144.89,25,PA,114.8,114.8,40.34870148,-75.90180206,
K3TSA Tafton,Analogue,145.49,144.89,25,PA,,82.5,41.39089966,-74.96600342,
W3ZC Bedford,Analogue,145.49,144.89,25,PA,,123,40.013315,-78.553944,
K3PSP Washington,Analogue,145.49,144.89,25,PA,131.8,131.8,40.1310881,-80.241737,
K3ODX Stroudsbur,Analogue,145.555,146.155,25,PA,91.5,91.5,40.950152,-75.148639,
W3PHB Philipsbur,Analogue,146.43,147.43,25,PA,173.8,173.8,40.914538,-78.00769646,
KC3LMP Erie,Analogue,146.43,147.03,25,PA,,186.2,42.1190817,-79.9807194,
KE3JP Greenville,Analogue,146.445,147.445,25,PA,,186.2,41.38059998,-80.41320038,SKYWARN
KC2IRV Effort,Analogue,146.445,144.65,25,PA,127.3,127.3,40.9392584,-75.434907,
N3TWT Toboyne,Analogue,146.46,147.46,25,PA,,67,40.221409,-77.532336,
N3FCK Wilkes-Bar,Analogue,146.46,147.46,25,PA,100,100,41.197046,-75.824801,
W3TWA Pottsville,Analogue,146.475,147.47,25,PA,131.8,131.8,40.69274,-76.18326,
KC3LMP Tidioute,Analogue,146.475,147.475,25,PA,186.2,186.2,41.652407,-79.481232,
KE3JP Fombell,Analogue,146.475,147.075,25,PA,131.8,131.8,40.835062,-80.20535,
W3EOC Pocopson,Analogue,146.49,147.49,25,PA,,,39.90039825,-75.62580109,
N1RS New Kensing,Analogue,146.49,147.49,25,PA,,131.8,40.56980133,-79.76480103,
W3TWA Tamaqua,Analogue,146.49,147.49,25,PA,131.8,131.8,40.79729843,-75.9693985,
N1RS Cowansville,Analogue,146.505,147.505,25,PA,,131.8,40.88669968,-79.58959961,
WB3FKQ Wilkes-Ba,Analogue,146.61,146.01,25,PA,,82.5,41.2458992,-75.88130188,
W3QZF Altoona,Analogue,146.61,146.01,25,PA,123,123,40.57555849,-78.44848179,
W3GV Erie,Analogue,146.61,146.01,25,PA,,186.2,42.12919998,-80.08509827,SKYWARN
KB3EAR Tioga,Analogue,146.625,146.025,25,PA,,131.8,41.94340134,-77.01660156,
K3FLT Lewisburg,Analogue,146.625,146.025,25,PA,,110.9,40.96450043,-76.88439941,
KC3BDF New Castl,Analogue,146.625,146.025,25,PA,,131.8,41.00370026,-80.34700012,
AA3RG Pine Grove,Analogue,146.64,146.04,25,PA,,82.5,40.506573,-76.376545,
K3MJW New Kensin,Analogue,146.64,146.04,25,PA,131.8,131.8,40.5176885,-79.6772014,SKYWARN
KC3KLG Erie,Analogue,146.64,146.04,25,PA,186.2,186.2,42.0261307,-80.0985784,SKYWARN
WB3KGD Dunmore,Analogue,146.655,146.055,25,PA,,146.2,41.4198027,-75.6324112,
N3LWY Easton,Analogue,146.655,146.055,25,PA,,136.5,40.72919846,-75.24790192,
KC3FIT Sunbury,Analogue,146.655,146.055,25,PA,107.2,107.2,40.89379883,-76.70300293,
W3OHX Hazleton,Analogue,146.67,146.07,25,PA,103.5,103.5,41.01750183,-75.91320038,
N3QZU Jeannette,Analogue,146.67,146.07,12.5,PA,,131.8,40.3281246,-79.6153198,
WM3PEN Philadelp,Analogue,146.685,146.085,25,PA,146.2,146.2,39.95040131,-75.19249725,
N3PC Coudersport,Analogue,146.685,146.085,25,PA,,173.8,41.77479935,-78.02059937,
W3LIF Grove City,Analogue,146.685,146.085,25,PA,,,41.17100143,-80.08519745,
W3OK Nazareth,Analogue,146.7,146.1,25,PA,151.4,151.4,40.75080109,-75.32920074,
WA3UC Union City,Analogue,146.7,146.1,25,PA,186.2,186.2,41.8995018,-79.84529877,SKYWARN
K3AE Shrewsbury,Analogue,146.7,146.1,25,PA,,114.8,39.76869965,-76.67970276,
K3UTI Meadowbroo,Analogue,146.715,146.115,25,PA,,131.8,40.11259842,-75.07820129,
N3MBK Scranton,Analogue,146.715,146.115,25,PA,136.5,136.5,41.42802429,-75.74671173,SKYWARN
W3AVK Williamspo,Analogue,146.73,146.13,25,PA,,151.4,41.190078,-76.980267,SKYWARN
KB3CNN Homestead,Analogue,146.73,146.13,25,PA,94.8,94.8,40.3922398,-79.9233558,
WB3IGM Kane,Analogue,146.73,146.13,25,PA,,173.8,41.65969849,-78.81150055,
WB3CGY Ernest,Analogue,146.745,146.145,25,PA,131.8,131.8,40.6962021,-79.1509729,SKYWARN
W3PHL Valley For,Analogue,146.76,146.16,25,PA,,131.8,40.09700012,-75.46959686,
W3UU Harrisburg,Analogue,146.76,146.16,25,PA,,100,40.27370071,-76.88439941,
W3GA State Colle,Analogue,146.76,146.16,25,PA,146.2,146.2,40.91450119,-78.01010132,
N8XUA Edinboro,Analogue,146.76,146.16,25,PA,186.2,186.2,41.823782,-80.173098,
W3KKC Meyersdale,Analogue,146.76,146.16,25,PA,88.5,88.5,39.806513,-79.172935,SKYWARN
N3LAD Barnesboro,Analogue,146.775,146.175,25,PA,,123,40.6792434,-78.7381463,
WB3KGD Scranton,Analogue,146.775,146.175,25,PA,136.5,136.5,41.382153,-75.5579205,
N3YCT Seeley,Analogue,146.79,146.19,25,PA,,179.9,41.42639923,-75.18540192,
W3SK Southampton,Analogue,146.79,146.19,25,PA,131.8,131.8,40.17430115,-75.04380035,
K3PSP Washington,Analogue,146.79,146.19,25,PA,,,40.172359,-80.2187777,
W3ZC Clearville,Analogue,146.79,146.19,25,PA,123,123,39.8306971,-78.5441076,
N3CSE Hunlock Cr,Analogue,146.805,146.205,25,PA,,82.5,41.20589828,-76.06600189,
KC3LRG Emporium,Analogue,146.805,146.205,25,PA,,173.8,41.51150131,-78.23529816,
W3QW Altoona,Analogue,146.82,146.22,25,PA,,123,40.56795548,-78.44481522,
W3GV Waterford,Analogue,146.82,146.22,25,PA,,186.2,41.94279861,-79.98449707,SKYWARN
AA3E Eagleville,Analogue,146.835,146.235,25,PA,88.5,88.5,40.15950012,-75.40820313,SKYWARN
W3YA Boalsburg,Analogue,146.85,146.25,25,PA,146.2,146.2,40.75270081,-77.75489807,
WW3AAA Beaver,Analogue,146.85,146.25,25,PA,131.8,131.8,40.7,-80.4,SKYWARN
WX3OES Tannersvi,Analogue,146.865,146.265,25,PA,,100,41.0401001,-75.30570221,
W3ZGD Red Lion,Analogue,146.865,146.265,25,PA,123,123,39.90090179,-76.60579681,
KB3FPN Reynoldsv,Analogue,146.865,146.265,25,PA,,173.8,41.0970071,-78.8886436,
KE3JP Atlantic,Analogue,146.865,146.265,25,PA,186.2,186.2,41.506886,-80.309655,
W3EXW Pittsburgh,Analogue,146.88,146.28,25,PA,88.5,88.5,40.44630051,-79.96379852,
W3WAN Lebanon,Analogue,146.88,146.28,25,PA,74.4,74.4,40.34090042,-76.41130066,
W3TWA Delano,Analogue,146.895,146.295,25,PA,D131N,D131N,40.85106649,-76.07911155,
W3BN Reading,Analogue,146.91,146.31,25,PA,,131.8,40.37555556,-75.88777778,
W3BMD Indiana,Analogue,146.91,146.31,25,PA,,131.8,40.611055,-79.171252,
K3DNA Lewistown,Analogue,146.91,146.31,25,PA,123,123,40.5992012,-77.5714035,
W3WAN York,Analogue,146.925,146.325,25,PA,74.4,74.4,39.96250153,-76.72810364,
W3KG Media,Analogue,146.94,146.34,25,PA,131.8,131.8,39.91790009,-75.44719696,
W3AEC Media,Analogue,146.94,146.34,25,PA,,131.8,39.91680145,-75.38770294,
K3CSG Scranton,Analogue,146.94,146.34,25,PA,127.3,127.3,41.42699814,-75.7480011,SKYWARN
W3OI Allentown,Analogue,146.94,146.34,12.5,PA,,71.9,40.59840012,-75.41929626,
NW3F Johnstown,Analogue,146.94,146.34,25,PA,,123,40.371231,-78.981261,SKYWARN
W3PHL West Chest,Analogue,146.94,146.34,25,PA,,131.8,39.9606643,-75.6054882,
N3SH Mount Leban,Analogue,146.955,146.355,25,PA,131.8,131.8,40.3778661,-80.066685,
WE3OPS Albion,Analogue,146.955,146.355,25,PA,186.2,186.2,41.97439957,-80.33869934,SKYWARN
W3SC Saint Clair,Analogue,146.955,146.355,25,PA,123,123,40.763684,-76.138251,
W3HZU York,Analogue,146.97,146.37,25,PA,,127.3,40.020833,-76.708333,
N1RS Apollo,Analogue,146.97,146.37,25,PA,,131.8,40.58150101,-79.56639862,SKYWARN
W3GMS Parkesburg,Analogue,146.985,146.385,25,PA,94.8,100,40.00769444,-75.93383889,
K3FLT Milton,Analogue,146.985,146.385,25,PA,,110.9,41.03079987,-76.82949829,
W3CCB Union City,Analogue,146.985,146.385,12.5,PA,,186.2,41.93109894,-79.65239716,
N3NIA Ridgway,Analogue,147,147.6,25,PA,173.8,173.8,41.4101,-78.7047,
N3VTH Benton,Analogue,147,147.6,25,PA,77,77,41.30899811,-76.30879974,
W3RRR Lancaster,Analogue,147.015,147.615,25,PA,118.8,118.8,40.04740143,-76.30539703,
KA3JSD Mount Ple,Analogue,147.015,147.615,25,PA,127.3,127.3,40.102679,-79.21448,
W3GFD Youngsvill,Analogue,147.015,147.615,25,PA,,186.2,41.6817276,-79.2472675,
W3QV Philadelphi,Analogue,147.03,147.63,25,PA,91.5,91.5,40.05830002,-75.23889923,
W3RC Hazleton,Analogue,147.03,147.63,25,PA,77,77,41.017485,-75.913155,
W3KWH Carnegie,Analogue,147.03,147.63,25,PA,,123,40.40869904,-80.08339691,
W3MIE Norrisvill,Analogue,147.03,147.63,25,PA,186.2,186.2,41.71590042,-80.27880096,
K3TAR Port Royal,Analogue,147.045,147.645,25,PA,,146.2,40.47740173,-77.38629913,
W3PIE Hopwood,Analogue,147.045,147.645,25,PA,131.8,131.8,39.8695855,-79.6394691,
K3EJ Coatesville,Analogue,147.045,147.645,25,PA,114.8,114.8,40.034096,-75.893177,
WB3JOE Newtown S,Analogue,147.06,147.66,25,PA,131.8,131.8,39.98669815,-75.40139771,
NR3K Wellsboro,Analogue,147.06,147.66,25,PA,127.3,127.3,41.73699951,-77.36360168,SKYWARN
KB3NIA Harrisbur,Analogue,147.075,147.675,25,PA,,123,40.420967,-76.8106407,
N3UOH Vowinckel,Analogue,147.075,147.675,25,PA,110.9,110.9,41.38759995,-79.21060181,
K3DN Warminster,Analogue,147.09,147.69,25,PA,,131.8,40.20539856,-75.10780334,
KB3HLL Williamsp,Analogue,147.09,147.69,12.5,PA,167.9,167.9,41.20360184,-76.9641037,SKYWARN
W3EXW Fineview,Analogue,147.09,147.69,25,PA,88.5,88.5,40.46319962,-80.00440216,SKYWARN
W3YXE Corry,Analogue,147.09,147.69,25,PA,,186.2,41.92029953,-79.64029694,
N3JGT Sigel,Analogue,147.105,147.705,25,PA,,173.8,41.27500153,-79.11329651,SKYWARN
W3ZIC Pleasantvi,Analogue,147.12,147.72,25,PA,,186.2,41.5992012,-79.5951004,SKYWARN
W3OC Lincoln,Analogue,147.12,147.72,25,PA,,131.8,40.303148,-79.853432,
W3ACH Chambersbu,Analogue,147.12,147.72,25,PA,100,100,40.0500885,-77.7477703,
W3VPJ Paxinos,Analogue,147.12,147.72,25,PA,131.8,131.8,40.8396,-76.593,
W3OI Allentown,Analogue,147.135,147.735,25,PA,D315N,D315N,40.56552,-75.43758,
WW3AAA Beaver,Analogue,147.135,147.735,25,PA,,131.8,40.69530106,-80.30480194,SKYWARN
NR3T Blue Knob,Analogue,147.15,147.75,25,PA,167.9,167.9,40.28839874,-78.56169891,
W3WAN Wilkes-Bar,Analogue,147.15,147.75,25,PA,74.4,74.4,41.198808,-75.821227,
K3LV Grantville,Analogue,147.165,147.765,25,PA,82.5,82.5,40.37789917,-76.64640045,
N3OHU Rochester,Analogue,147.165,147.765,25,PA,,100,40.713875,-80.286812,
K2SEH Reading,Analogue,147.18,147.78,25,PA,,110.9,40.34887,-75.90172,SKYWARN
K3SNY Selinsgrov,Analogue,147.18,147.78,25,PA,100,100,40.81600189,-76.88980103,SKYWARN
N3SNN Driftwood,Analogue,147.18,147.78,25,PA,,173.8,41.387612,-78.126701,
W3DI Newtown Squ,Analogue,147.195,147.795,25,PA,,100,39.98680115,-75.40100098,
K3SMT Somerset,Analogue,147.195,147.795,25,PA,,123,40.003375,-79.028321,
N3ETV New Castle,Analogue,147.195,147.795,25,PA,,131.8,41.00370026,-80.34700012,SKYWARN
NR3K Leetonia,Analogue,147.195,147.795,25,PA,127.3,127.3,41.6549661,-77.5384979,SKYWARN
W3MIE Meadville,Analogue,147.21,147.81,25,PA,186.2,186.2,41.65439987,-80.12950134,SKYWARN
K3ZMC Earlville,Analogue,147.21,147.81,25,PA,,131.8,40.31679916,-75.73690033,
N3KZ Forkston,Analogue,147.21,147.81,25,PA,77,77,41.5387001,-75.94660187,
KT3A Bloomsburg,Analogue,147.225,147.825,25,PA,85.4,85.4,40.941668,-76.424561,
WA3VHL Allentown,Analogue,147.225,147.825,12.5,PA,151.4,151.4,40.3625,-75.3315,
KA3BFI East Mono,Analogue,147.225,147.825,25,PA,,131.8,40.2096138,-79.910229,
KB3VDL Elizabeth,Analogue,147.24,147.84,25,PA,123,123,40.53509903,-76.82689667,
AC3DB West Sunbu,Analogue,147.24,147.84,25,PA,,,41.0060005,-79.8963969,
KD3OH Bradford,Analogue,147.24,147.84,25,PA,,173.8,41.95650101,-78.64920044,
W3HA Jim Thorpe,Analogue,147.255,147.855,25,PA,,162.2,40.903333,-75.678667,SKYWARN
W3CPA Clearfield,Analogue,147.255,147.855,25,PA,173.8,173.8,41.07640076,-78.55110168,SKYWARN
WB3CCN East Mono,Analogue,147.27,147.87,25,PA,,131.8,40.2096138,-79.9102291,SKYWARN
N3APP Erie,Analogue,147.27,147.87,25,PA,100,167.9,42.16090012,-80.11540222,
N3KZ Bucktown,Analogue,147.27,147.87,25,PA,77,77,40.17440033,-75.6638031,
WA3REC Waymart,Analogue,147.27,147.87,25,PA,79.7,79.7,41.5861,-75.4321,
N3SWH Newmanstow,Analogue,147.285,147.885,25,PA,,131.8,40.323061,-76.19759,
N3NWL Ridgway,Analogue,147.285,147.885,25,PA,,173.8,41.42029953,-78.72859955,
WB3FEQ Scranton,Analogue,147.285,147.885,25,PA,127.3,127.3,41.4090004,-75.66239929,
K3PSP Scenery Hi,Analogue,147.285,147.885,25,PA,131.8,131.8,40.0878486,-80.0710171,SKYWARN
W3BXW Fairless H,Analogue,147.3,147.9,25,PA,131.8,131.8,40.17959976,-74.85520172,
W3AHS Williamspo,Analogue,147.3,147.9,25,PA,151.4,151.4,41.24150085,-77.07289886,SKYWARN
K3PSG Butler,Analogue,147.3,147.9,25,PA,,131.8,40.87229919,-79.93039703,
NJ3K Smethport,Analogue,147.3,147.9,25,PA,,173.8,41.81119919,-78.44470215,
K3LV Cornwall,Analogue,147.315,147.915,25,PA,82.5,82.5,40.24110031,-76.37719727,SKYWARN
K3PSP Waynesburg,Analogue,147.315,147.915,25,PA,131.8,131.8,39.847248,-80.190368,SKYWARN
K3WWA Erie,Analogue,147.315,147.915,25,PA,186.2,186.2,42.06286111,-79.97641667,
WA3RYQ Hatfield,Analogue,147.33,147.93,25,PA,,162.2,40.27980042,-75.29930115,
W3MUM Hanover,Analogue,147.33,147.93,25,PA,,123,39.85716,-76.94821,
KB3EAR Galeton,Analogue,147.345,147.945,25,PA,131.8,131.8,41.72205,-77.651374,
W3SC Joliett,Analogue,147.345,147.945,25,PA,123,123,40.76369858,-76.13819885,
WB3JOE Darby,Analogue,147.36,147.96,25,PA,131.8,131.8,39.92670059,-75.26860046,
W3UDX Butler,Analogue,147.36,147.96,25,PA,131.8,131.8,40.9117012,-79.93170166,
N3GRQ Saylorsbur,Analogue,147.36,147.96,25,PA,,131.8,40.8842399,-75.3866163,
N3KZ Montrose,Analogue,147.375,147.975,25,PA,,77,41.8386392,-75.8727067,
N3LZX Jennerstow,Analogue,147.375,147.975,25,PA,,123,40.23228873,-79.10258932,
KE3DR Rockton,Analogue,147.39,147.99,25,PA,,173.8,41.07559967,-78.65309906,
K3PSP McDonald,Analogue,147.39,147.99,25,PA,131.8,131.8,40.3549111,-80.23324,SKYWARN
K3CSF Castle Sha,Analogue,440.6,445.6,25,PA,131.8,131.8,40.3647995,-80.02230072,
N3OHU Rochester,Analogue,440.65,445.65,25,PA,,100,40.7022882,-80.2864509,
N3FCK Forkston,Analogue,441.15,446.15,25,PA,100,100,41.5387001,-75.94660187,
K3DN Abington,Analogue,441.15,446.15,25,PA,,88.5,40.11930084,-75.12069702,
KC2LHJ Allentown,Analogue,441.4,446.4,25,PA,131.8,131.8,40.59130096,-75.43859863,
W3WAN Roxborough,Analogue,441.7,446.7,25,PA,74.4,74.4,40.05479813,-75.24210358,
K3UKE Ambridge,Analogue,441.7,446.7,25,PA,131.8,131.8,40.595367,-80.215682,SKYWARN
N3KZ Rockton,Analogue,441.7,446.7,25,PA,131.8,131.8,41.0763128,-78.5424797,
N3KZ Benton,Analogue,441.8,446.8,25,PA,131.8,131.8,41.30863,-76.30935,
W3EOC Eagle,Analogue,441.8,436.8,25,PA,,100,40.0778812,-75.6877085,
N3XXH Towanda,Analogue,441.85,446.85,25,PA,85.4,85.4,41.68220139,-76.48329926,
W3RC Hazleton,Analogue,441.9,446.9,25,PA,114.8,114.8,41.017492,-75.91314,
W3EOC Coatesvill,Analogue,441.95,446.95,25,PA,100,100,39.98500061,-75.82160187,
KA3TKW Harrisbur,Analogue,441.95,446.95,25,PA,,123,40.4398111,-76.5982992,
KC3JKJ Johnstown,Analogue,442.025,447.025,25,PA,123,123,40.3267407,-78.9219698,
W3MSX Harrison C,Analogue,442.05,447.05,25,PA,131.8,,40.3547915,-79.6501407,
N3KZ Lake Harmon,Analogue,442.1,447.1,25,PA,131.8,131.8,41.06060028,-75.59100342,
N3KZ Summerdale,Analogue,442.2,447.2,25,PA,131.8,131.8,40.30899811,-76.92749786,
N3KZ Wilkes-Barr,Analogue,442.2,447.2,25,PA,131.8,131.8,41.2458992,-75.88130188,
W3DI Newtown Squ,Analogue,442.25,447.25,25,PA,131.8,131.8,39.98680115,-75.40100098,
W3OC Lincoln,Analogue,442.25,447.25,25,PA,,131.8,40.303153,-79.8535,
N3KZ Robesonia,Analogue,442.4,447.4,25,PA,131.8,131.8,40.33660126,-76.1765976,
N3KZ Philadelphi,Analogue,442.4,447.4,25,PA,131.8,131.8,39.95230103,-75.1638031,
WA3SSG Eaglevill,Analogue,442.45,447.45,25,PA,131.8,131.8,40.1595501,-75.4082385,
N3KZ Tannersvill,Analogue,442.5,447.5,25,PA,131.8,131.8,41.04230118,-75.35209656,
KS3R Bridgeville,Analogue,442.5,447.5,25,PA,131.8,131.8,40.3542,-80.1052,
N3FCK Scranton,Analogue,442.55,447.55,25,PA,100,100,41.46620178,-75.6855011,
W3SBE Philadelph,Analogue,442.55,447.55,25,PA,91.5,91.5,39.95230103,-75.1638031,
N3SH Pittsburgh,Analogue,442.55,447.55,25,PA,131.8,131.8,40.4951656,-80.0045533,
KE3JP Utica,Analogue,442.6,447.6,25,PA,,186.2,41.43560028,-79.95729828,
N3KZ Sheffield,Analogue,442.7,447.7,25,PA,,186.2,41.70389938,-79.03559875,
W3PRL New Kensin,Analogue,442.75,447.75,25,PA,,,40.5697892,-79.7647705,
W3KKC Ludlow,Analogue,442.775,447.775,25,PA,,186.2,41.733431,-78.932846,
K3PSG West Sunbu,Analogue,442.9,447.9,25,PA,,131.8,41.004856,-79.901534,
W3HJ Hilltown,Analogue,442.9,447.9,25,PA,,123,40.33940125,-75.23619843,
W1LA Whitehall,Analogue,443,448,25,PA,162.2,162.2,40.617,-75.489,
W3KGN Biglervill,Analogue,443.1,448.1,25,PA,,103.5,39.93040085,-77.2480011,
KB3DOL Mansfield,Analogue,443.1,448.1,25,PA,100,100,41.87639999,-76.97579956,
K3UTI Meadowbroo,Analogue,443.15,448.15,25,PA,,131.8,40.11259842,-75.07820129,
N3LZV Windber,Analogue,443.15,448.15,25,PA,,123,40.157466,-78.726594,SKYWARN
WA3NSM Sandy Lak,Analogue,443.175,448.175,25,PA,,186.2,41.4152,-80.0748,
K3SMT Somerset,Analogue,443.25,448.25,25,PA,,123,40.003375,-79.028321,
N3TWT Enola,Analogue,443.3,448.3,25,PA,67,67,40.305481,-77.00695,
KB3EAR Couderspo,Analogue,443.3,448.3,25,PA,,131.8,41.752752,-78.0032216,
N3XG Allentown,Analogue,443.35,448.35,12.5,PA,100,100,40.60839844,-75.49019623,
W3CDU East Monon,Analogue,443.35,448.35,25,PA,131.8,131.8,40.2096138,-79.910229,
N3APP Erie,Analogue,443.375,448.375,25,PA,186.2,186.2,42.12919998,-80.08509827,
KE3JP Greenville,Analogue,443.425,448.425,25,PA,186.2,186.2,41.38059998,-80.4131012,SKYWARN
K3HOT State Coll,Analogue,443.425,448.425,25,PA,107.2,107.2,40.908362,-78.014659,SKYWARN
W3YJ Pittsburgh,Analogue,443.45,448.45,25,PA,100,100,40.43700027,-79.95980072,
N5NWC Punxsutawn,Analogue,443.475,448.475,25,PA,,173.8,40.94369888,-78.97090149,
W3JPA Allentown,Analogue,443.5,448.5,25,PA,131.8,131.8,40.60109,-75.483692,
K3ZMC Earlville,Analogue,443.55,448.55,25,PA,131.8,131.8,40.31679916,-75.73690033,
WA3HLC Couderspo,Analogue,443.575,448.575,25,PA,,173.8,41.7747878,-78.0205602,
W3LR Coopersburg,Analogue,443.59,448.59,25,PA,,151.4,40.51150131,-75.39050293,
N3FCK Pittston,Analogue,443.6,448.6,25,PA,100,100,41.26269913,-75.70709991,
KC3LMP Fombell,Analogue,443.625,448.625,25,PA,131.8,131.8,40.835062,-80.205315,
N3FB Canonsburg,Analogue,443.65,448.65,25,PA,131.8,131.8,40.2346748,-80.1880047,
K3CR State Colle,Analogue,443.65,448.65,25,PA,146.2,146.2,40.79320145,-77.86699677,
NR3K Wellsboro,Analogue,443.65,448.65,25,PA,127.3,127.3,41.65499878,-77.5766983,SKYWARN
N3CRK Point Mari,Analogue,443.675,438.675,25,PA,,123,39.7389671,-79.8986685,
N3KZ Chambersbur,Analogue,443.7,448.7,25,PA,131.8,131.8,39.93759918,-77.66110229,
KC3LMP Wattsburg,Analogue,443.775,448.775,25,PA,186.2,186.2,42.086109,-79.878768,
N3KZ Valley Forg,Analogue,443.8,448.8,25,PA,131.8,131.8,40.09700012,-75.46959686,
N3NIA Ridgway,Analogue,443.8,448.8,25,PA,,173.8,41.42029953,-78.72859955,
K3PSG Butler,Analogue,443.9,448.9,25,PA,131.8,,40.847835,-79.883947,
K3DN Hilltown,Analogue,443.95,448.95,25,PA,,131.8,40.34170151,-75.2542038,
K3QY Cadogan,Analogue,443.975,448.975,25,PA,131.8,131.8,40.7700124,-79.6018268,
KB3DOL Troy,Analogue,444.05,449.05,25,PA,100,100,41.81029892,-76.71649933,
WB3JOE Darby,Analogue,444.05,449.05,12.5,PA,131.8,131.8,39.92670059,-75.26860046,
W3MIE Meadville,Analogue,444.075,449.075,25,PA,186.2,186.2,41.63280106,-80.08540344,SKYWARN
N3QZU Jeannette,Analogue,444.075,449.075,25,PA,131.8,131.8,40.3281246,-79.6153198,
KA3NRJ Allentown,Analogue,444.1,449.1,25,PA,151.4,151.4,40.56529999,-75.43730164,
KB3CNN Pittsburg,Analogue,444.1,449.1,25,PA,71.9,71.9,40.40589905,-79.91200256,
KB3VXB Hegins,Analogue,444.16,449.16,25,PA,82.5,82.5,40.6761833,-76.376776,
K3ACS New Castle,Analogue,444.175,449.175,25,PA,131.8,131.8,40.99990082,-80.31030273,SKYWARN
N3VEM Witmer,Analogue,444.2,449.2,25,PA,100,100,40.046643,-76.210562,
WA3GGS Towanda,Analogue,444.25,449.25,25,PA,,151.4,41.76760101,-76.44270325,
WA3HLC Ulysses,Analogue,444.3,449.3,25,PA,,186.2,41.5,-77.4,
N3HZX Clarion,Analogue,444.325,449.325,25,PA,,110.9,41.21480179,-79.38529968,
KB3GRF Sharpsvil,Analogue,444.375,449.375,25,PA,,186.2,41.25920105,-80.47200012,
W3EXW North Hill,Analogue,444.4,449.4,25,PA,88.5,88.5,40.4953242,-80.0107187,
KD3IJ Bradford,Analogue,444.4,449.4,25,PA,,88.5,41.9564953,-78.649163,
W3ND Harrisburg,Analogue,444.45,449.45,25,PA,123,123,40.34540176,-76.86869812,SKYWARN
W3KWH Pittsburgh,Analogue,444.45,449.45,12.5,PA,103.5,103.5,40.44089447,-80.02546916,
NJ3T Jennerstown,Analogue,444.475,449.475,25,PA,,123,40.232255,-79.102544,
N3FCK Shickshinn,Analogue,444.5,449.5,25,PA,100,100,41.15890121,-76.16929626,
K3MJW New Kensin,Analogue,444.525,449.525,25,PA,,131.8,40.5176885,-79.6772014,SKYWARN
KD3IJ Smethport,Analogue,444.525,449.525,25,PA,,173.8,41.8111748,-78.4447413,
W3ND Newport,Analogue,444.55,449.55,25,PA,123,123,40.505818,-77.116494,
W3VO Altoona,Analogue,444.6,449.6,25,PA,,123,40.56794718,-78.44481425,
N3MSK Easton,Analogue,444.6,449.6,25,PA,,156.7,40.626396,-75.255058,
WB3BKN Newport,Analogue,444.6,449.6,25,PA,85.4,85.4,40.4778612,-77.1305373,
W3XP Ephrata,Analogue,444.65,449.65,25,PA,,131.8,40.17979813,-76.17880249,
W3VC Pittsburgh,Analogue,444.65,449.65,25,PA,131.8,131.8,40.44229889,-79.9469986,
KM3W Chester,Analogue,444.7,449.7,25,PA,131.8,131.8,39.86159897,-75.37129974,
N3EB State Colle,Analogue,444.7,449.7,25,PA,114.8,114.8,40.9197998,-77.97450256,
W3AI Sellersvill,Analogue,444.75,449.75,25,PA,103.5,103.5,40.44179916,-75.34159851,
K3YV Pine Grove,Analogue,444.85,449.85,12.5,PA,100,100,40.7336739,-77.8855567,
W3GV Erie,Analogue,444.875,449.875,25,PA,186.2,186.2,42.111,-80.0795,SKYWARN
K3REY Philadelph,Analogue,444.89,449.89,25,PA,,241.8,39.9525839,-75.1652215,
W3OK Nazareth,Analogue,444.9,449.9,25,PA,151.4,151.4,40.75080109,-75.32920074,
KB3AWQ Williamsp,Analogue,444.9,449.9,25,PA,173.8,173.8,41.20360184,-76.9641037,SKYWARN
W3SC Delano,Analogue,444.95,449.95,25,PA,88.5,88.5,40.8389765,-76.071043,
WA3REC Orson,Analogue,445.225,440.225,25,PA,71.9,71.9,41.7859,-75.459,
K4MTP Albrightsv,Analogue,445.375,440.375,25,PA,91.5,91.5,41.00040054,-75.48459625,
W3HA Jim Thorpe,Analogue,445.6,440.6,25,PA,,162.2,40.903333,-75.678667,SKYWARN
W3USR Scranton,Analogue,445.875,440.875,25,PA,,82.5,41.405308,-75.657421,
K4MTP Bloomsburg,Analogue,445.925,440.925,25,PA,91.5,91.5,40.940099,-76.425913,
W3EOC Bucktown,Analogue,446.175,441.175,25,PA,,100,40.17480087,-75.66210175,
KC3RIP Jim Thorp,Analogue,446.375,441.375,25,PA,,103.5,40.8759235,-75.7324127,
N3FYI Lancaster,Analogue,446.475,441.475,25,PA,114.8,114.8,39.885979,-76.250877,SKYWARN
N3FYI Blossburg,Analogue,446.475,441.475,25,PA,114.8,114.8,41.6230555,-77.14111111,
N3FYI Honey Broo,Analogue,446.475,441.475,25,PA,114.8,114.8,40.046406,-75.892849,
N3FYI Harrisburg,Analogue,446.475,441.475,25,PA,114.8,114.8,40.1918614,-76.867611,
N3FYI Summit Sta,Analogue,446.475,441.475,25,PA,114.8,114.8,40.5309292,-76.2014485,
KB3TEM Pittston,Analogue,446.5,441.5,25,PA,97.4,97.4,41.29539871,-75.8234024,
W3EOC West Chest,Analogue,446.525,441.525,25,PA,100,100,39.96070099,-75.60549927,SKYWARN
KG3I Jonas,Analogue,446.575,441.575,25,PA,,151.4,40.97417,-75.48194,
N3GRQ Saylorsbur,Analogue,446.725,441.725,25,PA,,131.8,40.958434,-75.2959487,
W3KG Boothwyn,Analogue,446.775,441.775,25,PA,88.5,88.5,39.83010101,-75.44159698,SKYWARN
KD3WT Philadelph,Analogue,446.875,441.875,25,PA,131.8,131.8,39.95230103,-75.1638031,
AA3VI Thorndale,Analogue,447.075,442.075,25,PA,123,123,39.99290085,-75.74520111,
W3HZU York,Analogue,447.275,442.275,25,PA,,123,39.96260071,-76.72769928,
KG3I Long Pond,Analogue,447.275,442.275,25,PA,,151.4,41.02671,-75.50461,
KB3EAR Wellsboro,Analogue,447.325,442.325,25,PA,131.8,131.8,41.737,-77.3637,SKYWARN
K3LV Lebanon,Analogue,447.675,442.675,25,PA,82.5,82.5,40.34090042,-76.41130066,
N3ETH Gettysburg,Analogue,447.675,442.675,25,PA,107.2,107.2,39.8309293,-77.2310955,
KA3ZAT Orefield,Analogue,447.775,442.775,25,PA,162.2,162.2,40.621162,-75.638652,
KB3AJF Plumstead,Analogue,447.975,442.975,25,PA,,127.3,40.38729858,-75.14659882,
W3ND Harrisburg,Analogue,448.075,443.075,25,PA,,123,40.27370071,-76.88439941,SKYWARN
N3EIO Quarryvill,Analogue,448.175,443.175,25,PA,,94.8,39.884976,-76.250614,
W3SK Southampton,Analogue,448.225,443.225,25,PA,131.8,131.8,40.17430115,-75.04380035,
AA3RG Pine Grove,Analogue,448.225,443.225,25,PA,82.5,82.5,40.506573,-76.376545,
W3IIY Long Pond,Analogue,448.275,443.275,25,PA,131.8,131.8,41.0267,-75.5047,
K3ODX Stroudsbur,Analogue,448.375,443.375,25,PA,,91.5,40.98210986,-75.16385367,
N3TPL Holtwood,Analogue,448.625,443.625,25,PA,114.8,114.8,39.875,-76.27130127,
W3NTT Long Pond,Analogue,448.625,443.625,25,PA,,173.8,41.029,-75.5082,SKYWARN
N3CB Norristown,Analogue,448.675,443.675,25,PA,131.8,131.8,40.12149811,-75.33989716,
N3MFT Allentown,Analogue,448.775,443.775,25,PA,131.8,131.8,40.60839844,-75.49019623,
W3EOC Oxford,Analogue,448.875,443.875,25,PA,,100,39.78540039,-75.97879791,
KA3NRJ Salisbury,Analogue,448.975,443.975,25,PA,151.4,151.4,40.56482442,-75.44008005,
N3SWH Newmanstow,Analogue,449.075,444.075,25,PA,,131.8,40.323061,-76.19759,
AA3E Eagleville,Analogue,449.125,444.125,25,PA,88.5,88.5,40.33679962,-75.46910095,SKYWARN
KA3CNT Lititz,Analogue,449.225,444.225,25,PA,131.8,131.8,40.15729904,-76.30690002,
KA3CNT Lititz,Analogue,449.325,444.325,25,PA,,173.8,40.15270233,-76.31233978,
W3EPE Palmerton,Analogue,449.375,444.375,12.5,PA,131.8,131.8,40.80149841,-75.61019897,
N3VKK Allentown,Analogue,449.4,444.4,12.5,PA,D023N,D023N,40.6022939,-75.4714098,
W3OHX Freeland,Analogue,449.425,444.425,25,PA,103.5,103.5,41.01480103,-75.91320038,
N3NRN Red Lion,Analogue,449.425,444.425,25,PA,123,123,39.90090179,-76.60579681,
W3RRR Lancaster,Analogue,449.575,444.575,25,PA,114.8,114.8,40.04759979,-76.3035965,
K3CX Reading,Analogue,449.625,444.625,25,PA,100,100,40.33560181,-75.92690277,
K3IHI Bethlehem,Analogue,449.65,444.65,25,PA,127.3,127.3,40.65737,-75.34158,SKYWARN
WB3LGG Cochranvi,Analogue,449.675,444.675,25,PA,94.8,94.8,39.89179993,-75.92160034,
N3EXA Plumstead,Analogue,449.725,444.725,25,PA,,136.5,40.38729858,-75.14659882,
W3TWA Barnesvill,Analogue,449.775,444.775,25,PA,131.8,131.8,40.78979874,-76.12359619,
KB3VDL Lykens,Analogue,449.825,444.825,25,PA,,123,40.5658989,-76.7009964,
KC2IRV Wind Gap,Analogue,449.875,444.875,25,PA,127.3,127.3,40.8594017,-75.30090332,SKYWARN
KA3TKW Harrisbur,Analogue,449.925,444.925,25,PA,,123,40.2012021,-76.8655282,
K3IR Manheim,Analogue,449.975,444.975,25,PA,114.8,114.8,40.16339874,-76.39499664,
W8DET Detroit,Analogue,145.11,144.51,25,MI,100,100,42.40230179,-83.1140976,
NW8J Grand Rapid,Analogue,145.11,144.51,25,MI,94.8,94.8,42.96340179,-85.66809845,
W8AGB Mackinaw C,Analogue,145.11,144.51,25,MI,103.5,103.5,45.77750015,-84.72709656,SKYWARN
W8DMI Rose City,Analogue,145.11,144.51,25,MI,131.8,131.8,44.4685635,-84.14172596,
N8AHZ Grayling,Analogue,145.13,144.53,25,MI,107.2,107.2,44.66139984,-84.71479797,
N8ZMT Portland,Analogue,145.13,144.53,25,MI,94.8,94.8,42.86920166,-84.90309906,
KB9BQX Escanaba,Analogue,145.13,144.53,25,MI,,,45.741944,-87.059444,
W8IRA Battle Cre,Analogue,145.15,144.55,25,MI,,94.8,42.32120132,-85.17970276,
W8IRA Mount Plea,Analogue,145.15,144.55,25,MI,,103.5,43.59780121,-84.76750183,
W8IRA Traverse C,Analogue,145.15,144.55,25,MI,,114.8,44.76309967,-85.62059784,
N8DUY Ann Arbor,Analogue,145.15,144.55,25,MI,100,100,42.2879982,-83.80970001,SKYWARN
N8FYZ Paw Paw,Analogue,145.17,144.57,25,MI,94.8,94.8,42.214,-85.892901,
N8LVQ Iron River,Analogue,145.17,144.57,12.5,MI,107.2,107.2,46.05830002,-88.70839691,
KF9C Kaleva,Analogue,145.17,144.57,25,MI,,94.8,44.37333679,-86.01036072,
W8CCE Petoskey,Analogue,145.19,144.59,25,MI,103.5,103.5,45.32471,-84.88215,SKYWARN
WW8GM Detroit,Analogue,145.21,144.61,25,MI,123,123,42.32899857,-83.03929901,
W8UM Ann Arbor,Analogue,145.23,144.63,25,MI,100,100,42.28079987,-83.74299622,
W8USA Sparta,Analogue,145.23,144.63,25,MI,94.8,94.8,43.11849976,-85.74900055,
N8LVQ Crystal Fa,Analogue,145.23,144.63,12.5,MI,107.2,107.2,46.1,-88.33885,
AC8IL Wixom,Analogue,145.25,144.65,25,MI,100,100,42.51779938,-83.51789856,
W8LRC Lowell,Analogue,145.27,144.67,25,MI,,94.8,42.93360138,-85.34200287,
W8TVC Traverse C,Analogue,145.27,144.67,25,MI,,114.8,44.76309967,-85.62059784,
W8IRA Big Rapids,Analogue,145.29,144.69,25,MI,,94.8,43.69810104,-85.48370361,
N8IES Durand,Analogue,145.29,144.69,25,MI,100,100,42.91199875,-83.98470306,
W8IRA Vanderbilt,Analogue,145.29,144.69,25,MI,,103.5,45.14279938,-84.66030121,
W8CMN Gilford,Analogue,145.31,144.71,25,MI,131.8,131.8,43.583355,-83.680801,
K8SJC Centrevill,Analogue,145.31,144.71,25,MI,123,123,41.89239883,-85.49680328,
W8IRA Ludington,Analogue,145.31,144.71,25,MI,,94.8,43.95529938,-86.45259857,
W8YZ Monroe,Analogue,145.31,144.71,25,MI,100,100,41.91640091,-83.39769745,
W8LIV Howell,Analogue,145.32,144.72,25,MI,100,100,42.58363362,-83.97537089,
WR8DAR Detroit,Analogue,145.33,144.73,25,MI,100,100,42.33380127,-83.05780029,SKYWARN
N8ERL Saginaw,Analogue,145.33,144.73,25,MI,,88.5,43.4284033,-83.956069,
W8IRA Muskegon,Analogue,145.33,144.73,25,MI,,94.8,43.23419952,-86.24839783,
K8UNS Livonia,Analogue,145.35,144.75,25,MI,,100,42.36840057,-83.35269928,
N9KOP Mio,Analogue,145.35,144.75,25,MI,,,44.65219879,-84.12969971,SKYWARN
W8TQE Adrian,Analogue,145.37,144.77,25,MI,,85.4,41.89749908,-84.03720093,
KC8MUV Alma,Analogue,145.37,144.77,25,MI,,100,43.38079834,-84.67060089,
KC8ZGB Kincheloe,Analogue,145.37,144.77,25,MI,,,46.2611769,-84.4632246,
W8BCI Okemos,Analogue,145.39,144.79,25,MI,100,100,42.701953,-84.41328,SKYWARN
KE8GLB Houghton,Analogue,145.39,144.79,25,MI,,103.5,44.33997,-84.65279,
K8WM Grand Rapid,Analogue,145.41,144.81,25,MI,94.8,94.8,42.97159958,-85.71499634,
KC8BAN Wetmore,Analogue,145.41,144.81,25,MI,100,100,46.365,-86.616389,
K8JBA Howell,Analogue,145.41,144.81,25,MI,162.2,162.2,42.58775707,-83.88206078,
NW8J Walkerville,Analogue,145.43,144.83,25,MI,,94.8,43.71450043,-86.12449646,
KE8FJW Sault Ste,Analogue,145.43,144.83,25,MI,107.2,107.2,46.4693,-84.3689,SKYWARN
WD8IEL Chelsea,Analogue,145.45,144.85,25,MI,100,100,42.298258,-84.023474,
N8QOP Roscommon,Analogue,145.45,144.85,25,MI,141.3,141.3,44.49829865,-84.59200287,
KB8IFE White Clo,Analogue,145.45,144.85,25,MI,94.8,94.8,43.5503006,-85.77200317,
N8LFR Bad Axe,Analogue,145.47,144.87,25,MI,,110.9,43.80199814,-83.00080109,
W8IRA Onondaga,Analogue,145.47,144.87,25,MI,114.8,114.8,42.4428078,-84.5724223,
K8DXF Ludington,Analogue,145.47,144.87,25,MI,,103.5,43.93579865,-86.44180298,
WB8ZIR Barton Ci,Analogue,145.49,144.89,25,MI,,100,44.70700073,-83.52300262,
W8CSO Grand Have,Analogue,145.49,144.89,25,MI,94.8,94.8,43.06309891,-86.22840118,SKYWARN
K8DAA Holland,Analogue,146.5,147.5,25,MI,94.8,94.8,42.78749847,-86.10890198,SKYWARN
N8EOC Howell,Analogue,146.5,147.5,25,MI,131.8,131.8,42.62267431,-83.97689444,
W2PUT Milan,Analogue,146.5,147.1,25,MI,88.5,88.5,42.08530045,-83.68240356,
W6GVS Dowagiac,Analogue,146.5,147.1,25,MI,94.8,94.8,41.983735,-86.107766,
W8YY Houghton,Analogue,146.6,146,25,MI,,100,47.1167589,-88.5460115,
W8NBY Newberry,Analogue,146.61,146.01,25,MI,114.8,114.8,46.314444,-85.562778,
W8LAP Lapeer,Analogue,146.62,146.02,25,MI,,100,43.04380035,-83.26260376,SKYWARN
WB8ERN Ludington,Analogue,146.62,146.02,25,MI,,94.8,43.95529938,-86.45259857,
N8UKH Hart,Analogue,146.64,146.04,25,MI,94.8,94.8,43.69829941,-86.36399841,SKYWARN
W8HP Oak Park,Analogue,146.64,146.04,25,MI,100,100,42.47489929,-83.19660187,
K8LOD Gwinn,Analogue,146.64,146.04,25,MI,100,100,46.286944,-87.475556,
W8EUP Pickford,Analogue,146.64,146.04,25,MI,107.2,107.2,46.08160019,-84.35980225,
W8DF Battle Cree,Analogue,146.66,146.06,25,MI,94.8,94.8,42.287982,-85.165114,
KC8CNN Caro,Analogue,146.66,146.06,25,MI,100,100,43.49110031,-83.39689636,
W8CDZ Donken,Analogue,146.67,146.07,25,MI,,100,46.96569824,-88.76699829,
W8GQN Stutsmanvi,Analogue,146.68,146.08,25,MI,110.9,110.9,45.5080986,-85.00669861,
W8AOR Whitehall,Analogue,146.68,146.08,25,MI,94.8,94.8,43.40999985,-86.34870148,SKYWARN
W8LRK Howell,Analogue,146.68,146.08,25,MI,162.2,162.2,42.62399596,-83.87867458,SKYWARN
W8BCI Lansing,Analogue,146.7,146.1,25,MI,,107.2,42.73249817,-84.55549622,
N9KOP Mio,Analogue,146.7,146.1,25,MI,103.5,103.5,44.74488,-84.137719,SKYWARN
KF8BRW Cooks,Analogue,146.7,146.1,25,MI,,110.9,45.966667,-86.488333,
K8RPT Ida,Analogue,146.72,146.12,25,MI,100,100,41.9109993,-83.57360077,SKYWARN
KB8VIM Saint Jos,Analogue,146.72,146.12,25,MI,131.8,131.8,42.09809875,-86.48419952,
KA8IBY Oil City,Analogue,146.72,146.12,25,MI,103.5,103.5,43.6108625,-84.5883408,
KA8IBY Midland,Analogue,146.72,146.12,25,MI,103.5,103.5,43.5097522,-84.5880614,
WO0O Port Huron,Analogue,146.72,146.12,25,MI,186.2,186.2,42.9955784,-82.4895522,SKYWARN
W8UXG Winona,Analogue,146.73,146.13,25,MI,,100,46.87400055,-88.90699768,SKYWARN
KB8QOI Big Rapid,Analogue,146.74,146.14,25,MI,,,43.86920166,-85.48449707,
W8CCE Cheboygan,Analogue,146.74,146.14,25,MI,,103.5,45.44810104,-84.47229767,SKYWARN
WB8TKL Ann Arbor,Analogue,146.74,146.14,25,MI,107.2,107.2,42.25515,-83.834085,
K8NET Port Hope,Analogue,146.74,146.74,25,MI,,114.8,43.941346,-82.712326,SKYWARN
K8PA Alpena,Analogue,146.76,146.16,25,MI,,88.5,45.06269836,-83.72019958,
KE8HR Southfield,Analogue,146.76,146.16,25,MI,100,100,42.4733688,-83.2218731,
W8DC Grand Rapid,Analogue,146.76,146.16,25,MI,94.8,94.8,42.96340179,-85.66809845,
K8ATX Bessemer,Analogue,146.76,146.16,25,MI,107.2,107.2,46.491667,-90.025,
W8GJX Manistee,Analogue,146.78,146.18,25,MI,94.8,94.8,44.24440002,-86.32420349,
WB8VWK Edmore,Analogue,146.8,146.2,25,MI,103.5,103.5,43.40810013,-85.03859711,SKYWARN
NM8RC Gaylord,Analogue,146.82,146.22,25,MI,,118.8,45.02750015,-84.67479706,
K8WNJ Muskegon,Analogue,146.82,146.22,25,MI,,94.8,43.23419952,-86.24839783,
W8MAI Sister Lak,Analogue,146.82,146.22,25,MI,88.5,88.5,42.08539963,-86.20030212,SKYWARN
K8LOD Republic,Analogue,146.82,146.22,25,MI,100,100,46.3525,-87.854167,
W8JWB Clarkston,Analogue,146.84,146.24,25,MI,,100,42.72990036,-83.4571991,
K8YPW Hastings,Analogue,146.84,146.24,25,MI,,94.8,42.64590073,-85.290802,
KE8OHG Prudenvil,Analogue,146.84,146.24,25,MI,,103.5,44.2709,-84.7093,
KC8VC Kingsford,Analogue,146.85,146.25,25,MI,110.9,110.9,45.832778,-88.081389,
KK8GC Garden Cit,Analogue,146.86,146.26,25,MI,,100,42.32559967,-83.33100128,
W8AX Sandusky,Analogue,146.86,146.26,25,MI,88.5,,43.42029953,-82.82969666,
W8TCM Traverse C,Analogue,146.86,146.26,25,MI,114.8,114.8,44.7765007,-85.68389893,SKYWARN
NW8J Cedar Sprin,Analogue,146.88,146.28,25,MI,,141.3,43.18730164,-85.49220276,
W8JXN Jackson,Analogue,146.88,146.28,25,MI,100,100,42.29251,-84.422407,SKYWARN
W8CDZ Calumet,Analogue,146.88,146.28,25,MI,100,100,47.216778,-88.464667,
W8OAK Pontiac,Analogue,146.9,146.3,25,MI,100,100,42.63890076,-83.29100037,
AF8U Baldwin,Analogue,146.9,146.3,25,MI,94.8,94.8,43.90110016,-85.85169983,
K8LOD Ishpeming,Analogue,146.91,146.31,25,MI,100,,46.490833,-87.675,
KC8MSE Fremont,Analogue,146.92,146.32,25,MI,107.2,94.8,43.468243,-85.918084,SKYWARN
W8FSA Ypsilanti,Analogue,146.92,146.32,25,MI,,100,42.26580048,-83.65509796,
N8VPZ Cassopolis,Analogue,146.92,146.32,25,MI,156.7,156.7,41.86887,-86.010449,SKYWARN
W8BCI Lansing,Analogue,146.94,146.34,25,MI,,100,42.70389938,-84.55529785,
W8ZHO Muskegon,Analogue,146.94,146.34,25,MI,,94.8,43.23419952,-86.24839783,
K8OAR West Branc,Analogue,146.94,146.34,25,MI,103.5,103.5,44.27690125,-84.31330109,
AC8GN Saugatuck,Analogue,146.96,146.36,25,MI,94.8,94.8,42.65499878,-86.20200348,
KD8REH Traverse,Analogue,146.96,146.36,25,MI,114.8,114.8,44.73054478,-85.50091954,SKYWARN
KE8IL Marquette,Analogue,146.97,146.37,25,MI,100,100,46.498889,-87.417778,
K8CAD Cadillac,Analogue,146.98,146.38,25,MI,,,44.2519989,-85.40119934,
KD8LMI Mancheste,Analogue,146.98,146.38,25,MI,100,100,42.15029907,-84.03769684,
W8VY Kalamazoo,Analogue,147,147.6,25,MI,,94.8,42.214838,-85.609916,SKYWARN
W8KEA Midland,Analogue,147,147.6,25,MI,,103.5,43.655255,-84.205571,SKYWARN
W8PIF Menominee,Analogue,147,147.6,25,MI,,107.2,45.188611,-87.568889,
N8DVH Owosso,Analogue,147.02,147.62,25,MI,,100,42.99779892,-84.1765976,
WB8TQZ Rogers Ci,Analogue,147.02,147.62,25,MI,,103.5,45.42139816,-83.81829834,
W8FYZ Trenary,Analogue,147.03,147.63,25,MI,,100,46.233056,-86.991667,
W8BNZ Honor,Analogue,147.04,147.64,25,MI,114.8,114.8,44.52669907,-85.99980164,
W8SZ Harrisville,Analogue,147.04,147.64,25,MI,123,123,44.65639877,-83.29470062,
K8KZO Kalamazoo,Analogue,147.04,147.64,25,MI,94.8,94.8,42.29169846,-85.58719635,
N8SL South Lyon,Analogue,147.04,147.64,25,MI,110.9,110.9,42.46060181,-83.6516037,
K8DYS Harrison,Analogue,147.05,147.65,25,MI,107.2,107.2,44.0112569,-84.8014115,
K8DAA Holland,Analogue,147.06,147.66,25,MI,,94.8,42.78749847,-86.10890198,SKYWARN
W8COP Sterling,Analogue,147.06,147.66,25,MI,103.5,103.5,44.03340149,-84.02279663,
K8CHR Charlotte,Analogue,147.08,147.68,25,MI,103.5,103.5,42.56359863,-84.83580017,
N8LC Sterling He,Analogue,147.08,147.68,25,MI,,100,42.58029938,-83.03019714,
N8RSH Lupton,Analogue,147.08,147.68,25,MI,,,44.43109894,-84.02580261,
NZ8U Republic,Analogue,147.09,147.69,25,MI,,,46.40670013,-87.9756012,
W8NBY Pine Stump,Analogue,147.09,147.69,25,MI,,,46.57180023,-85.59190369,
KC8KGZ Flint,Analogue,147.1,147.7,25,MI,,100,43.01250076,-83.6875,SKYWARN
W8QPO Sherman,Analogue,147.1,147.7,25,MI,114.8,114.8,44.4530983,-85.69960022,
K8TB Jenison,Analogue,147.1,147.7,25,MI,94.8,94.8,42.907248,-85.7919784,SKYWARN
N8JNA Gaylord,Analogue,147.12,147.72,25,MI,151.4,151.4,45.04570007,-84.66609955,
KD8RHB Battle Cr,Analogue,147.12,147.72,25,MI,,186.2,42.352937,-85.098421,SKYWARN
N8KD Troy,Analogue,147.14,147.74,25,MI,,100,42.56029892,-83.16079712,
WD8DX Lake Leela,Analogue,147.14,147.74,25,MI,103.5,103.5,44.99506322,-85.68889618,
KD8IEK Ithaca,Analogue,147.15,147.75,25,MI,123,123,43.2719692,-84.6069223,SKYWARN
K8PL Escanaba,Analogue,147.15,147.75,25,MI,,100,45.905242,-86.923948,
W8IRA Cadillac,Analogue,147.16,147.76,25,MI,,103.5,44.2519989,-85.40119934,
WR8DAR Dearborn,Analogue,147.16,147.76,25,MI,,100,42.29079819,-83.21420288,
W8IRA Grand Rapi,Analogue,147.16,147.76,25,MI,94.8,94.8,42.96340179,-85.66809845,
W8GDW Gladwin,Analogue,147.18,147.78,25,MI,173.8,173.8,43.98089981,-84.48639679,
KC8BRS Niles,Analogue,147.18,147.78,25,MI,,94.8,41.82979965,-86.2542038,
K8UO Utica,Analogue,147.18,147.78,25,MI,100,100,42.6257019,-83.03240204,
WA8MAC Mount Cle,Analogue,147.2,147.8,25,MI,100,100,42.597005,-82.877714,SKYWARN
AC8DX Gobles,Analogue,147.2,147.8,25,MI,,94.8,42.36130067,-85.87881839,
W8EUP Sault Ste,Analogue,147.21,147.81,25,MI,107.2,107.2,46.492164,-84.362079,
W8MAB Bitely,Analogue,147.21,147.81,25,MI,,,43.7469591,-85.8617261,
N8EDV Roseville,Analogue,147.22,147.82,25,MI,,100,42.49729919,-82.93710327,
WD8DX Northport,Analogue,147.22,146.62,25,MI,151.4,151.4,45.1375028,-85.6161052,
AC8RC Allegan,Analogue,147.24,147.84,25,MI,94.8,94.8,42.52920151,-85.8553009,
K8DAC Saginaw,Analogue,147.24,147.84,25,MI,,103.5,43.41680501,-83.96764,SKYWARN
WY8DOT Wyandotte,Analogue,147.24,147.84,25,MI,100,100,42.2104965,-83.146866,
N8JWT Escanaba,Analogue,147.24,147.84,25,MI,123,123,45.76200104,-87.12000275,
W8DC Grand Rapid,Analogue,147.26,147.86,25,MI,94.8,94.8,42.96340179,-85.66809845,
KC8KGZ Flint,Analogue,147.26,147.86,25,MI,,100,43.01250076,-83.6875,SKYWARN
N8DMH Traverse C,Analogue,147.26,147.86,25,MI,114.8,114.8,44.760581,-85.641717,SKYWARN
K8LOD Marquette,Analogue,147.27,147.87,25,MI,100,100,46.57040024,-87.56600189,
W8COL East Jorda,Analogue,147.28,147.88,25,MI,103.5,103.5,45.15810013,-85.12419891,
KB8LCY Lansing,Analogue,147.28,147.88,25,MI,100,100,42.73249817,-84.55549622,
WD8KAF Coldwater,Analogue,147.3,147.9,25,MI,100,100,41.94029999,-85.00050354,
AA8ZV Kalkaska,Analogue,147.3,147.9,25,MI,,123,44.73419952,-85.17590332,
K8DD Avoca,Analogue,147.3,147.9,25,MI,192.8,192.8,43.10549927,-82.69760132,SKYWARN
AA8YF White Pine,Analogue,147.3,147.9,25,MI,,100,46.67689896,-89.57749939,
W8FWG Calumet,Analogue,147.315,147.915,25,MI,100,100,47.3716011,-88.17070007,
KB8SWR Gilford,Analogue,147.32,147.92,25,MI,100,100,43.542568,-83.660389,
WD8MKG Holton,Analogue,147.32,147.92,25,MI,91.5,91.5,43.41329956,-86.07949829,SKYWARN
K8SCC Belle Rive,Analogue,147.32,147.92,25,MI,167.9,167.9,42.773847,-82.494393,SKYWARN
W8EUP  Strongs,Analogue,147.33,147.93,25,MI,107.2,107.2,46.4275,-84.944722,
W8ACW Flint,Analogue,147.34,147.94,25,MI,,100,43.01250076,-83.6875,
N8ZED Baraga,Analogue,147.345,147.945,25,MI,,100,46.8728,-88.4778,
K8BRC Bangor,Analogue,147.36,147.96,25,MI,94.8,94.8,42.31710052,-86.10230255,SKYWARN
KA8HDY Jackson,Analogue,147.36,147.96,25,MI,100,100,42.2458992,-84.40129852,
K8BAY Bay City,Analogue,147.36,147.96,25,MI,131.8,131.8,43.598254,-83.884778,SKYWARN
East Jordan,Analogue,147.36,147.96,25,MI,,,45.178838,-85.09498,
K8LOW Lowell,Analogue,147.37,147.97,25,MI,,100,42.900056,-85.371107,
KE8CPN LAnse,Analogue,147.375,147.975,25,MI,,100,46.654167,-88.334722,
W8CMN Flint,Analogue,147.38,147.98,25,MI,88.5,88.5,42.99950027,-83.61630249,SKYWARN
K8WQK Mancelona,Analogue,147.38,147.98,25,MI,,107.2,44.90219879,-85.06089783,
N8WAV Houghton,Analogue,147.39,147.99,25,MI,,100,47.121667,-88.567222,
W8NBY Engadine,Analogue,147.39,147.99,25,MI,,114.8,46.191111,-85.570556,
N8UMW Flint,Analogue,442,447,25,MI,100,100,43.00059891,-83.7736969,
N8JI Potterville,Analogue,442.025,447.025,25,MI,173.8,173.8,42.62919998,-84.73889923,
N9UV Dimondale,Analogue,442.05,447.05,25,MI,,100,42.64559937,-84.64890289,
K8SN Morley,Analogue,442.075,447.075,25,MI,103.5,103.5,43.49089813,-85.44390106,
K8FBI Romeo,Analogue,442.075,447.075,25,MI,123,123,42.8105011,-83.01280212,
K8PLW Detroit,Analogue,442.1,447.1,25,MI,107.2,107.2,42.40230179,-83.1140976,
KC8BRO Centrevil,Analogue,442.15,447.15,25,MI,94.8,94.8,41.92340088,-85.52829742,
KC8LTS Detroit,Analogue,442.175,447.175,25,MI,123,123,42.33140182,-83.04579926,SKYWARN
K8SN Moline,Analogue,442.175,447.175,25,MI,103.5,103.5,42.73920059,-85.66390228,
KC8ELQ Burt,Analogue,442.2,447.2,25,MI,103.5,103.5,43.25920105,-83.9509964,
K8FBI Richmond,Analogue,442.225,447.225,25,MI,123,123,42.8111,-82.7538,
K8TB Hudsonville,Analogue,442.25,447.25,25,MI,94.8,94.8,42.8708992,-85.86499786,
N8OCX Lake Leela,Analogue,442.25,447.25,25,MI,114.8,114.8,44.9809363,-85.7153165,
W8TX Romulus,Analogue,442.275,447.275,25,MI,,107.2,42.22230148,-83.39659882,
N8DMH Traverse C,Analogue,442.2875,447.2875,25,MI,114.8,114.8,44.89441882,-85.50794397,SKYWARN
W8FSM Holly,Analogue,442.35,447.35,25,MI,107.2,107.2,42.81169891,-83.62670135,
W8QQQ Owosso,Analogue,442.4,447.4,25,MI,,100,43.09280014,-84.1608963,
KE8FJW Sault Ste,Analogue,442.425,447.425,12.5,MI,107.2,107.2,46.4693,-84.3689,SKYWARN
WX8GRN Greenvill,Analogue,442.475,447.475,25,MI,103.5,103.5,43.174471,-85.297317,SKYWARN
WB8ARC West Bloo,Analogue,442.5,447.5,25,MI,123,123,42.56999969,-83.36119843,
KD8IFI Lansing,Analogue,442.525,447.525,25,MI,107.2,107.2,42.73389816,-84.55380249,
KC8CNN Caro,Analogue,442.55,447.55,25,MI,103.5,103.5,43.49110031,-83.39689636,
K8FBI Warren,Analogue,442.6,447.6,25,MI,123,123,42.50600052,-83.00589752,
N8IES Durand,Analogue,442.625,447.625,25,MI,,100,42.91199875,-83.98470306,
W8QPO Breckenrid,Analogue,442.65,447.65,25,MI,,100,43.40810013,-84.47499847,
K8RPT Ida,Analogue,442.65,447.65,25,MI,100,100,41.91080093,-83.57360077,SKYWARN
K8PLW Livonia,Analogue,442.7,447.7,25,MI,107.2,107.2,42.39722061,-83.37361145,
AC8GN Saugatuck,Analogue,442.7,447.7,25,MI,94.8,,42.65499878,-86.20200348,
K8BMI Hastings,Analogue,442.725,447.725,25,MI,,,42.6149977,-85.2390625,
W8MAI Bridgman,Analogue,442.775,447.775,25,MI,88.5,88.5,41.97610092,-86.56069946,SKYWARN
WR8DAR Dearborn,Analogue,442.8,447.8,25,MI,107.2,107.2,42.29079819,-83.21420288,
K8WQK Mancelona,Analogue,442.8,447.8,25,MI,,110.9,44.9016,-85.0295,
KC8RTU Mount Ple,Analogue,442.825,447.825,25,MI,,100,43.59780121,-84.76750183,
KA8DCJ Harrison,Analogue,442.85,447.85,25,MI,,103.5,42.58639908,-82.82019806,
W8MSU East Lansi,Analogue,442.9,447.9,25,MI,77,77,42.72484021,-84.48025774,
W8QPO Traverse C,Analogue,442.9,447.9,25,MI,,114.8,44.76309967,-85.62059784,
N8KQQ Muskegon,Analogue,442.95,447.95,25,MI,,94.8,43.23419952,-86.24839783,
KJ4KFJ Traverse,Analogue,443,448,25,MI,,114.8,44.76309967,-85.62059784,
N8LBV Ann Arbor,Analogue,443.05,448.05,25,MI,107.2,107.2,42.2879982,-83.80970001,
NW8J Cedar Sprin,Analogue,443.075,448.075,25,MI,,94.8,43.18730164,-85.49220276,
WW8GM Detroit,Analogue,443.075,448.075,25,MI,123,123,42.32899857,-83.03929901,
WR8DAR Northvill,Analogue,443.1,448.1,25,MI,82.5,82.5,42.42259979,-83.46070099,
N8QOP Roscommon,Analogue,443.1,448.1,25,MI,146.2,146.2,44.49829865,-84.59200287,
N8DJP Westland,Analogue,443.125,448.125,25,MI,,107.2,42.32419968,-83.40019989,
KD8IEK Ithaca,Analogue,443.1375,448.1375,25,MI,,,43.2719692,-84.6069223,SKYWARN
K8WX Northville,Analogue,443.15,448.15,25,MI,107.2,107.2,42.430964,-83.485294,
WD8EEQ Jackson,Analogue,443.175,448.175,25,MI,77,77,42.2458992,-84.40129852,
KC8YGT Fenton,Analogue,443.2,448.2,25,MI,151.4,151.4,42.73889923,-83.70490265,
W8HP Beverly Hil,Analogue,443.225,448.225,25,MI,107.2,107.2,42.52190018,-83.24220276,
W8AOR Whitehall,Analogue,443.25,448.25,25,MI,94.8,94.8,43.40999985,-86.34870148,SKYWARN
W8LRK Howell,Analogue,443.25,448.25,25,MI,100,100,42.62397873,-83.87864825,SKYWARN
WD8KAF Coldwater,Analogue,443.3,448.3,25,MI,123,123,41.94029999,-85.00050354,
N8ERV Yale,Analogue,443.3,448.3,25,MI,100,100,43.13000107,-82.7983017,
K8ADM Adrian,Analogue,443.375,448.375,25,MI,,107.2,41.89749908,-84.03720093,
KG8ID North Bran,Analogue,443.45,448.45,25,MI,,100,43.25329971,-83.37190247,
K8LOD Marquette,Analogue,443.45,448.45,25,MI,100,100,46.57040024,-87.56600189,
WR8DAR Detroit,Analogue,443.475,448.475,25,MI,88.5,88.5,42.33380127,-83.05780029,SKYWARN
KA8WYN Bad Axe,Analogue,443.55,448.55,25,MI,,114.8,43.80199814,-83.00080109,
KA8WYN Warren,Analogue,443.55,448.55,25,MI,,107.2,42.49300003,-83.02819824,SKYWARN
N8HEE Charlotte,Analogue,443.625,448.625,25,MI,100,100,42.56359863,-84.83580017,
KC8UMP Mount Cle,Analogue,443.625,448.625,25,MI,151.4,151.4,42.59730148,-82.87799835,
W8VTM Hart,Analogue,443.675,448.675,25,MI,,94.8,43.66571,-86.359477,SKYWARN
N8PBX Clinton,Analogue,443.675,448.675,25,MI,131.8,131.8,42.61899948,-82.88089752,
W8CMC Detroit,Analogue,443.725,448.725,25,MI,107.2,107.2,42.43939972,-83.15910339,
KB8SWR James Tow,Analogue,443.75,448.75,25,MI,,100,43.3797796,-84.0339091,
W8CSO Grand Have,Analogue,443.775,448.775,25,MI,,94.8,43.06309891,-86.22840118,SKYWARN
KB8ZUZ Mayville,Analogue,443.775,448.775,25,MI,100,100,43.3370018,-83.35240173,
KR8T Grand Rapid,Analogue,443.8,448.8,25,MI,94.8,94.8,42.96340179,-85.66809845,
K8DAA Holland,Analogue,443.825,448.825,25,MI,94.8,94.8,42.78749847,-86.10890198,SKYWARN
KC8LMI Aurelius,Analogue,443.875,448.875,25,MI,136.5,136.5,42.52420044,-84.52220154,
KB8QOI Big Rapid,Analogue,443.9,448.9,25,MI,,,43.6875,-85.48280334,
W8DF Battle Cree,Analogue,443.95,448.95,25,MI,94.8,94.8,42.32120132,-85.17970276,
KB8PGF Fenton,Analogue,443.975,448.975,25,MI,,67,42.77799988,-83.76799774,
KB8SWR Frankenmu,Analogue,444.025,449.025,25,MI,,100,43.33169937,-83.73799896,
WR8DAR Ann Arbor,Analogue,444.075,449.075,25,MI,82.5,82.5,42.28079987,-83.74299622,
W8PIF Menominee,Analogue,444.075,449.075,25,MI,107.2,107.2,45.10779953,-87.61430359,
W2PUT Milan,Analogue,444.1,449.1,25,MI,82.5,82.5,42.08530045,-83.68240356,
KA8YRL Jackson,Analogue,444.175,449.175,25,MI,100,100,42.2458992,-84.40129852,
N8LVQ Iron River,Analogue,444.175,449.175,25,MI,,107.2,46.05830002,-88.70800018,
W8ACW Flint,Analogue,444.2,449.2,25,MI,,107.2,43.01250076,-83.6875,
KD8NCN West Bran,Analogue,444.225,449.225,25,MI,107.2,107.2,44.29919815,-84.2664032,
K8BRC Bangor,Analogue,444.3,449.3,25,MI,94.8,94.8,42.31389999,-86.11360168,SKYWARN
N8WKN Grand Rapi,Analogue,444.325,449.325,25,MI,,82.5,42.96340179,-85.66809845,
W8DC Grand Rapid,Analogue,444.4,449.4,25,MI,,94.8,42.96340179,-85.66809845,
W8USA Grand Rapi,Analogue,444.45,449.45,12.5,MI,94.8,94.8,43.0246,-85.3601,
N8GH Lawton,Analogue,444.475,449.475,25,MI,94.8,94.8,42.1672629,-85.8469539,
KB8YUR Bay City,Analogue,444.5,449.5,25,MI,,123,43.5945015,-83.88890076,
W8LRK Howell,Analogue,444.525,449.525,25,MI,100,100,42.58775707,-83.88206078,SKYWARN
W8ZHO Muskegon,Analogue,444.55,449.55,25,MI,,94.8,43.23419952,-86.24839783,
K8RPT Temperance,Analogue,444.55,449.55,25,MI,100,100,41.76490021,-83.56819916,
N8OBU Dansville,Analogue,444.575,449.575,25,MI,107.2,107.2,42.55659866,-84.3463974,
W8CMN Flint,Analogue,444.6,449.6,25,MI,151.4,151.4,43.01250076,-83.6875,SKYWARN
W5TH Southfield,Analogue,444.625,449.625,25,MI,,,42.47340012,-83.22190094,
W8VY Kalamazoo,Analogue,444.65,449.65,25,MI,94.8,94.8,42.29169846,-85.58719635,SKYWARN
KC8KGZ Millingto,Analogue,444.65,449.65,25,MI,,100,43.28139877,-83.52970123,SKYWARN
KC8LEQ Edmore,Analogue,444.7,449.7,25,MI,,103.5,43.40810013,-85.03859711,
W8MAI Sister Lak,Analogue,444.7,449.7,25,MI,97.4,97.4,42.056054,-86.23674,SKYWARN
KF8KK Glen Arbor,Analogue,444.725,449.725,25,MI,114.8,114.8,44.77669907,-85.68379974,
WA8RRA Saranac,Analogue,444.725,449.725,25,MI,94.8,94.8,42.92950058,-85.21309662,SKYWARN
K8WM Grand Rapid,Analogue,444.775,449.775,25,MI,,94.8,43.04079819,-85.60079956,
K8UO Mount Cleme,Analogue,444.775,449.775,25,MI,123,123,42.66220093,-83.03639984,
N8OVI Novi,Analogue,444.8,449.8,25,MI,110.9,110.9,42.48059845,-83.47550201,
KC8QVX Jerome,Analogue,444.825,449.825,25,MI,107.2,107.2,42.02700043,-84.4693985,
WB8DEL Cheboygan,Analogue,444.85,449.85,25,MI,,100,45.6666,-84.63472,
KC8VC Iron Mount,Analogue,444.85,449.85,25,MI,,100,45.832778,-88.081389,
K8KZO Kalamazoo,Analogue,444.875,449.875,25,MI,94.8,94.8,42.29169846,-85.58719635,
N8ZPJ Grosse Ile,Analogue,444.9,449.9,25,MI,,107.2,42.12919998,-83.14440155,
K8IHY Hudsonvill,Analogue,444.9,449.9,25,MI,,94.8,42.8708992,-85.86499786,
KE8JNF Port Huro,Analogue,444.9,449.9,25,MI,131.8,131.8,42.9955784,-82.4895522,SKYWARN
KC8QVX Harrison,Analogue,444.9,449.9,25,MI,107.2,107.2,44.1363002,-84.8840595,
K8WNJ Muskegon,Analogue,444.95,449.95,25,MI,,94.8,43.23419952,-86.24839783,
W8UM Ann Arbor,Analogue,444.975,449.975,25,MI,107.2,107.2,42.28079987,-83.74299622,
K8DDX Mio,Analogue,444.975,449.975,25,MI,,103.5,44.65222168,-84.1297226,SKYWARN
KD8CAO Zeeland,Analogue,445.5,440.5,25,MI,,94.8,42.8125,-86.01869965,
W8SRC Dexter,Analogue,446.15,441.15,25,MI,100,100,42.38010025,-83.88189697,
N8ZVZ Grosse Poi,Analogue,446.5,441.5,25,MI,127.3,127.3,42.4436478,-82.9068603,
N8ZVZ Grosse Poi,Analogue,446.5,441.5,25,MI,127.3,127.3,42.44,-82.88,
